"","mean","se_mean","sd","X2.5.","X25.","X50.","X75.","X97.5.","n_eff","Rhat"
"lambda",0.314007381551691,0.00048119391471029,0.0331567971582773,0.256071675342004,0.290760877754946,0.311674083321986,0.334970141396284,0.385873645875247,4747.93638922923,1.00061493046988
"beta",0.192241904116382,0.000394081368720683,0.0269011473607958,0.146230076860106,0.17305188098546,0.189967717882967,0.208686007137751,0.25201258226445,4659.82708334708,1.00056404761641
"lambda_exp[1]",0.269086609767577,0.000348383575996745,0.0240703089295168,0.225913516106466,0.252305552980876,0.267779867901155,0.284640554330576,0.320143577082737,4773.62152496378,1.00061074395746
"lambda_exp[2]",0.435076663697684,0.000431091690042363,0.0301072469744814,0.378970423320399,0.414243830266352,0.434183217792789,0.455063056280679,0.496683983226246,4877.56188012057,1.00060001888951
"lambda_exp[3]",0.543114832039769,0.000419488248047854,0.0296761924092887,0.486342743449139,0.522713490356651,0.542780764594185,0.563065815148696,0.602326654219101,5004.68513288322,1.00058791128643
"lambda_exp[4]",0.616534082085318,0.000377241378936647,0.0270806020062383,0.563570430694123,0.598124844971386,0.61656621911757,0.6348554812362,0.66923368851484,5153.21167180783,1.00057296913303
"lambda_exp[5]",0.668204005676135,0.000327527416279019,0.0239820117095239,0.620658739843915,0.652043872497491,0.668482139017213,0.684509897948197,0.714271853341859,5361.37151824917,1.00055323676569
"lambda_exp[6]",0.705620696238818,0.000279460471722948,0.0210222317926854,0.663254232521687,0.691598172251346,0.706057671954932,0.720091336161052,0.745609454693296,5658.70254039879,1.00052643934033
"lambda_exp[7]",0.733357742011838,0.000236282104641641,0.0184345344341237,0.695874596727446,0.721140575351557,0.733898849500408,0.74605785835359,0.76821913349301,6086.99137890474,1.00049032905308
"lambda_exp[8]",0.754319362050779,0.000198895448342197,0.0162853582525769,0.721133055647699,0.743527498476918,0.754854573818843,0.765498740529974,0.78492251946855,6704.16886075278,1.00044335088257
"lambda_exp[9]",0.770414832133448,0.000167318381938026,0.0145721193987884,0.740780244295527,0.760854440483929,0.770894095037007,0.780426124877048,0.797801787067695,7585.04444600219,1.00038561058747
"lambda_exp[10]",0.78293796499805,0.000141288525579267,0.0132624226347398,0.755975480098933,0.774219568871199,0.783301703787584,0.792037907492375,0.807983344886357,8811.13673519756,1.00031975083887
"lambda_exp[11]",0.79278912395184,0.000120501698683879,0.012309404625,0.767882589649272,0.784674220085329,0.79308401670421,0.801263285991037,0.81632050735792,10434.8871629884,1.00025098330647
"lambda_exp[12]",0.800609673503806,0.000104670410863113,0.0116584764047205,0.777170193620231,0.792902014469287,0.800834817158506,0.808609153539203,0.822993925750274,12406.1131649068,1.00018577037979
"lambda_exp[13]",0.806865952244599,9.34731501501713e-05,0.0112520903716228,0.784398996619928,0.799397821561745,0.807057200317919,0.81461661925849,0.82853171043991,14490.8100901395,1.00012968344531
"lambda_exp[14]",0.811903196240598,8.61696459279475e-05,0.0110344173283419,0.789900129447557,0.804535829430273,0.812084634045243,0.819475890584605,0.833158745877042,16397.9740034841,1.00008577610637
"lambda_exp[15]",0.815981049531459,8.2476174721347e-05,0.0109553930308975,0.794015138027807,0.808658599711802,0.816144767654642,0.823486161891783,0.836939161415866,17644.0754193723,1.00005434197952
"lambda_exp[16]",0.819297492852573,8.15412041830329e-05,0.0109731897236874,0.797262281810308,0.812013299621068,0.819489029890357,0.826796779156198,0.840225988573828,18109.7116245907,1.00003376788938
"lambda_exp[17]",0.822005311231791,8.24989944269333e-05,0.011054881359851,0.799900695773603,0.814639705844892,0.822232406789383,0.829593699996904,0.843037626398064,17956.0523228581,1.00002164653897
"lambda_exp[18]",0.824223648306918,8.47972238663557e-05,0.0111757695037116,0.801801252966449,0.816804208178662,0.824462899451702,0.83189607249704,0.845430880180254,17369.6714338936,1.0000155826394
"lambda_exp[19]",0.826046258769831,8.7887817139871e-05,0.0113180414590174,0.803278987046246,0.818581722122607,0.826315740445069,0.833844322364502,0.847527653728102,16583.8440364544,1.00001358134684
"lambda_exp[20]",0.827547499554019,9.11592602888241e-05,0.0114692823105262,0.804505527271949,0.819983590586785,0.827820963165809,0.835427766441418,0.849339105316185,15829.6349897915,1.00001414221939
"lambda_exp[21]",0.828786744906221,9.44534646308362e-05,0.011621126632192,0.805446871581906,0.821120418896423,0.829046912027191,0.83674419032688,0.850847022569643,15137.7274465999,1.00001620836036
"lambda_exp[22]",0.829811684665726,9.76260721725402e-05,0.0117681559228516,0.806173619727749,0.822020807113436,0.830091952318792,0.837878920954389,0.852143077012849,14530.6551138546,1.00001906940379
"lambda_exp[23]",0.830660818959521,0.000100596901970765,0.0119070484483518,0.806771678339463,0.822775394733759,0.830926581324591,0.838782740896798,0.853239266533643,14010.0288326591,1.00002226597681
"lambda_exp[24]",0.831365366337296,0.000103326858905915,0.0120359465123948,0.807287431177787,0.823350636709806,0.831629791347953,0.839558221531421,0.854142427540645,13568.5688817159,1.00002551225935
"lambda_exp[25]",0.831950738021649,0.000105802497706743,0.012153995840559,0.807621015916287,0.823871516178373,0.832202254550992,0.840227742689112,0.85500318262437,13196.1221251403,1.00002863873587
"lambda_exp[26]",0.832437687234002,0.000108025965357843,0.0122610150995319,0.807859629888891,0.824261039770534,0.832692408253095,0.840791102129477,0.855737193426221,12882.3929579859,1.00003155197686
"lambda_exp[27]",0.832843212422889,0.000110008527119469,0.0123572612872675,0.808074733286126,0.824620414988929,0.833076688642236,0.841246761392002,0.856350011001289,12618.035916891,1.00003420723769
"lambda_exp[28]",0.833181272157694,0.000111766428659624,0.0124432647046685,0.808279171522429,0.824916118751576,0.833407528627258,0.841646145746196,0.856803071953489,12394.9829046377,1.00003659015818
"lambda_exp[29]",0.833463354529447,0.000113318270394008,0.0125197139920254,0.808416564382067,0.825158692270794,0.833671268813966,0.84196358017911,0.857258692858869,12206.4377621901,1.0000387047159
"lambda_exp[30]",0.833698933193864,0.000114683360558191,0.0125873769964556,0.808531998519963,0.825348448628719,0.833892019575534,0.842233353470354,0.857627290833184,12046.7433556943,1.00004056539466
"lambda_exp[31]",0.833895834415121,0.000115880703214595,0.0126470471847163,0.808641656246372,0.825500529652814,0.834062669267657,0.842450009943051,0.857932635612283,11911.2141731214,1.00004219216037
"lambda_exp[32]",0.834060533753876,0.000116928399017137,0.0126995082008505,0.808736437551083,0.825614809254841,0.83422693484527,0.842666605839374,0.858206953449667,11795.9737924833,1.00004360729162
"lambda_exp[33]",0.83419839679643,0.000117843314251792,0.012745511252763,0.808812658138435,0.825714573866887,0.834355802277834,0.84283561610702,0.858429869250902,11697.811668793,1.00004483342792
"lambda_exp[34]",0.834313875133131,0.00011864092350303,0.01278576151087,0.808851568261273,0.825793969213554,0.834476453771834,0.842980679452946,0.858635162872035,11614.0625751207,1.00004589241199
"lambda_exp[35]",0.834410666376163,0.000119335263508834,0.012820910778749,0.808902970541959,0.825864115379048,0.834570211003671,0.843112325482891,0.858826830304831,11542.507435403,1.00004680464583
"lambda_exp[36]",0.834491845156424,0.000119938956792648,0.0128515544699693,0.80892864661181,0.825919539342681,0.834648137346342,0.84321831077456,0.858977814157686,11481.2926871803,1.00004758877517
"lambda_exp[37]",0.834559970611157,0.000120463277522438,0.0128782314830888,0.808937337653308,0.825960471998455,0.834708363316157,0.843307230493391,0.859156387712573,11428.8650342467,1.00004826158041
"lambda_exp[38]",0.834617174763256,0.000120918241274594,0.012901425969551,0.808956284583168,0.825995242916721,0.834753206947494,0.843361706495548,0.859268672198966,11383.9187040161,1.00004883799366
"lambda_exp[39]",0.834665235323076,0.000121312706574535,0.0129215702805448,0.808971936854592,0.826016816556093,0.834802996701542,0.843427966330166,0.859359365367153,11345.3527516822,1.0000493311896
"lambda_exp[40]",0.834705635757588,0.000121654480272537,0.0129390485898641,0.808990428280484,0.826039874583592,0.834847107203202,0.843482288233659,0.859449860783595,11312.2363958798,1.00004975271609
"lambda_exp[41]",0.834739614927714,0.000121944941287461,0.0129542008426047,0.808996034690321,0.82606579920506,0.834881748107057,0.843529087515217,0.85951423379932,11284.7950063484,1.00005011264275
"lambda_exp[42]",0.834768208160934,0.00012219606353611,0.0129673267900592,0.808999969433354,0.82608078414612,0.834907625686412,0.843575927555206,0.859582113493507,11261.2468916473,1.00005041971398
"lambda_exp[43]",0.834792281278883,0.00012241326675162,0.0129786899508992,0.8090023051118,0.826096228672015,0.834923057466963,0.843611424001026,0.85962573612195,11240.9946145124,1.00005068149784
"lambda_exp[44]",0.834812558820186,0.00012260105699479,0.012988521395961,0.809006778611498,0.826105792681078,0.834943548084753,0.843635800225429,0.85968836771706,11223.5694782435,1.00005090452634
"lambda_exp[45]",0.83482964747313,0.000122763360964776,0.012997023294731,0.809010036963603,0.826115593182687,0.834961547852867,0.843660474570491,0.8597209888236,11208.5712005238,1.00005109442443
"lambda_exp[46]",0.834844055549955,0.000122903595706335,0.0130043721903862,0.809015763354158,0.826122368357581,0.834975930642704,0.843676817070177,0.859753095321061,11195.6574883525,1.00005125602665
"lambda_exp[47]",0.834856209185971,0.000123024731141778,0.013010721990217,0.809020428225124,0.826131106803305,0.834986218347329,0.843688522597011,0.859766382583338,11184.535310273,1.00005139348153
"lambda_exp[48]",0.834866465825659,0.000123129345836785,0.0130162066718474,0.809024228397452,0.826134557650595,0.834993786091769,0.843698246546626,0.859798180978972,11174.9535639071,1.00005151034404
"lambda_exp[49]",0.834875125459014,0.000123219676491934,0.0130209427146138,0.809027324187097,0.826137430151113,0.835000656466237,0.843711843329035,0.859825516341491,11166.6968960613,1.00005160965691
"lambda_exp[50]",0.834882439990437,0.000123297661689151,0.0130250312710821,0.809029846178959,0.826140521568952,0.835005091059177,0.843717519661488,0.859845954492934,11159.5804792474,1.00005169402178
"lambda_exp[51]",0.834888621056099,0.00012336498042882,0.0130285600969179,0.809031900742877,0.826143606382778,0.835011099333537,0.843723963713512,0.85984911830555,11153.4455852887,1.00005176566119
"lambda_exp[52]",0.834893846551142,0.000123423085980033,0.0130316052588895,0.809033574525585,0.826145118529256,0.835014064860418,0.843730957752819,0.85986159195102,11148.1558258708,1.0000518264723
"lambda_exp[53]",0.83489826608317,0.000123473235540582,0.013034232641191,0.809034938108933,0.826146409095933,0.835015270923324,0.843735488316271,0.859864753542519,11143.5939531779,1.00005187807343
"lambda_exp[54]",0.834902005531509,0.000123516516170085,0.0130364992698994,0.809035403669173,0.826148867681556,0.835016785445831,0.843741755888658,0.859887999634856,11139.6591324332,1.00005192184422
"lambda_exp[55]",0.834905170861146,0.000123553867422655,0.0130384544745064,0.809035649540749,0.826152877864691,0.83501940333164,0.843745163834539,0.859890869793543,11136.2646132291,1.00005195896013
"lambda_exp[56]",0.834907851315056,0.000123586101067489,0.0130401409042819,0.809035844643588,0.826156067523032,0.835022194590221,0.843750989703407,0.85989191538442,11133.3357387299,1.00005199042221
"lambda_exp[57]",0.834910122087723,0.000123613918247923,0.0130415954158773,0.809035999460729,0.826158433276047,0.835024811717559,0.84375677812995,0.859894119992222,11130.8082418099,1.00005201708258
"lambda_exp[58]",0.834912046565408,0.000123637924393323,0.0130428498471619,0.809036122310587,0.826160577656786,0.835027834637694,0.843759306200321,0.85990025177395,11128.6267853612,1.00005203966626
"lambda_exp[59]",0.834913678204373,0.000123658642164134,0.013043931690868,0.809036219793934,0.826162000537667,0.835031764793365,0.843760375709875,0.859905509783337,11126.7437107396,1.00005205878991
"lambda_exp[60]",0.834915062106383,0.00012367652267885,0.0130448646802484,0.809036297148568,0.826162323071622,0.835032686691769,0.843761264847558,0.859910018567203,11125.1179639047,1.00005207497785
"lambda_exp[61]",0.834916236340967,0.000123691955242769,0.0130456692976527,0.809036358530757,0.82616258670147,0.835033533831984,0.843761978426399,0.859912391933854,11123.7141734745,1.00005208867571
"lambda_exp[62]",0.834917233055677,0.000123705275772336,0.0130463632157187,0.809036407238557,0.826162802208267,0.835034417096377,0.843763522326084,0.859915860800046,11122.5018587765,1.00005210026214
"lambda_exp[63]",0.834918079408807,0.000123716774085186,0.0130469616797635,0.809036445889027,0.826163082452792,0.835034825367392,0.843765952105917,0.85992017682957,11121.4547492747,1.00005211005876
"lambda_exp[64]",0.834918798353331,0.000123726700205063,0.0130474778389477,0.80903647655884,0.826163334133651,0.835034978141889,0.843766689231306,0.859921349496545,11120.5501994761,1.00005211833868
"lambda_exp[65]",0.834919409296108,0.000123735269812013,0.0130479230328767,0.809036500895872,0.826163541568725,0.835035435237429,0.843767455462997,0.859921800292694,11119.7686857551,1.00005212533374
"lambda_exp[66]",0.834919928652453,0.000123742668951656,0.0130483070394792,0.809036520207734,0.826163712542471,0.835035528393234,0.843767904253855,0.859926203382538,11119.0933735037,1.0000521312407
"lambda_exp[67]",0.834920370312899,0.000123749058102697,0.0130486382892795,0.80903653553204,0.826163853468633,0.8350358046044,0.843768584537014,0.859928244813754,11118.5097446832,1.00005213622649
"lambda_exp[68]",0.834920746036231,0.000123754575689004,0.0130489240505302,0.809036547692151,0.826163969631817,0.835036051455063,0.843769381919704,0.85992969840756,11118.00527727,1.00005214043272
"lambda_exp[69]",0.834921065780579,0.000123759341111181,0.0130491705890989,0.80903655734142,0.826164065386455,0.83503609489143,0.843770355290333,0.859930948379506,11117.5691693195,1.00005214397944
"lambda_exp[70]",0.834921337982465,0.000123763457362734,0.0130493833065013,0.80903656499829,0.826164144320669,0.83503612639684,0.843770601036483,0.859931928838222,11117.1921013909,1.00005214696843
"lambda_exp[71]",0.834921569792076,0.000123767013287328,0.0130495668590278,0.809036571074158,0.826164209391249,0.835036151993698,0.843770796459786,0.859932755577301,11116.866031958,1.00005214948596
"lambda_exp[72]",0.834921767271718,0.000123770085525948,0.0130497252605248,0.809036575895472,0.826164263034825,0.83503617279061,0.843770890025104,0.859933464554945,11116.5840212107,1.00005215160508
"lambda_exp[73]",0.834921935563291,0.000123772740196373,0.0130498619710494,0.809036579721275,0.826164307259454,0.835036189688081,0.843770967748824,0.859934072547478,11116.3400792768,1.00005215338769
"lambda_exp[74]",0.834922079029666,0.00012377503434156,0.0130499799733254,0.809036582757121,0.826164343720056,0.835036203417594,0.843771032313113,0.859934593940847,11116.1290354644,1.00005215488621
"lambda_exp[75]",0.834922201374093,0.00012377701717862,0.0130500818386647,0.809036585166123,0.826164373780572,0.835036214573353,0.843771085946012,0.859935041071293,11115.9464255975,1.00005215614497
"lambda_exp[76]",0.834922305741091,0.000123778731175769,0.0130501697837976,0.809036587077712,0.826164398565162,0.835036223638057,0.843771130498328,0.859935424517463,11115.7883949283,1.00005215720151
"lambda_exp[77]",0.834922394801716,0.000123780212980867,0.0130502457198596,0.809036588594596,0.826164419000391,0.835036231003835,0.843771167507502,0.859935753350865,11115.651614463,1.00005215808757
"lambda_exp[78]",0.834922470825678,0.000123781494221994,0.0130503112946121,0.809036589798272,0.82616443584999,0.835036236989247,0.843771198250668,0.859936035350637,11115.5332088398,1.00005215882999
"lambda_exp[79]",0.834922535742332,0.000123782602197704,0.0130503679288288,0.809036590753412,0.82616444974349,0.835036241853093,0.843771223788728,0.859936277187695,11115.430694147,1.00005215945146
"lambda_exp[80]",0.8349225911923,0.000123783560472075,0.0130504168476514,0.809036591511335,0.826164461199822,0.835036245805631,0.843771245002958,0.859936484582636,11115.341924322,1.00005215997113
"foi_counter",5.81801214200852,0.0104991046849687,0.727664253457049,4.48903468938908,5.30926572644757,5.77987196717383,6.2930215538959,7.35065886473763,4803.49728270743,1.00049426414471
"z_sim_2006[1]",7.79682142857143,0.0172914964044761,2.48710461894756,3,6,8,9,13,20688.2116554836,0.999996959681358
"z_sim_2006[2]",4.79160714285714,0.0106830025855061,1.67523808650355,2,4,5,6,8,24590.4462026196,0.999961979786315
"z_sim_2006[3]",8.67571428571429,0.013746853883003,2.04551486572584,5,7,9,10,13,22141.0721472838,1.0000057385332
"z_sim_2006[4]",13.5735357142857,0.0156909135742261,2.35208207350702,9,12,14,15,18,22470.2799528051,1.00010672311842
"z_sim_2006[5]",12.6993214285714,0.0135529130895433,2.1031609746932,8,11,13,14,17,24081.2886010328,1.00002358096111
"z_sim_2006[6]",5.63478571428571,0.00796900947484989,1.29555555069838,3,5,6,7,8,26430.3790956945,1.00010481823992
"z_sim_2006[7]",5.86492857142857,0.00762728360096666,1.25665001131685,3,5,6,7,8,27144.9402058881,0.999905107416423
"z_sim_2006[8]",3.77582142857143,0.00574033265256702,0.961300369394481,2,3,4,4,5,28044.2672669145,0.999987967255877
"z_sim_2006[9]",7.70567857142857,0.00811364397990518,1.34136519433065,5,7,8,9,10,27331.4184657867,1.00006827571579
"z_sim_2006[10]",6.25714285714286,0.00716164246444113,1.17199379871037,4,6,6,7,8,26780.9116151213,0.999975974168771
"z_sim_2006[11]",5.54642857142857,0.0064427607681986,1.07405766766262,3,5,6,6,7,27791.4488736326,1.00003404110594
"z_sim_2006[12]",3.20267857142857,0.00478099874141961,0.79891527739544,1,3,3,4,4,27923.1361230359,1.00011150040637
"z_sim_2006[13]",12.0986071428571,0.00934490237851254,1.54803033927106,9,11,12,13,15,27441.5980195484,0.999910984109899
"z_sim_2006[14]",11.3652142857143,0.00885700145658036,1.47475777217786,8,10,11,12,14,27724.7701963946,1.00007714847623
"z_sim_2006[15]",16.3184285714286,0.0106236439318635,1.73779325153779,13,15,16,18,19,26757.7258828961,1.00005485602424
"z_sim_2006[16]",13.1007857142857,0.00933212803295569,1.54263182380944,10,12,13,14,16,27325.1903413938,0.99998080656957
"z_sim_2006[17]",7.40160714285714,0.00688006710126056,1.14972433877223,5,7,8,8,9,27925.573599427,0.999960575049267
"z_sim_2006[18]",6.593,0.00666089733305045,1.08803577642483,4,6,7,7,8,26682.1531327409,0.999914896790414
"z_sim_2006[19]",9.903,0.00788230964591862,1.32125878460083,7,9,10,11,12,28097.5719843696,0.999921394544999
"z_sim_2006[20]",7.45196428571429,0.00685947018881632,1.13198109123336,5,7,8,8,9,27233.1073995597,1.00004471323826
"z_sim_2006[21]",9.94796428571428,0.00788655469361666,1.3147638648429,7,9,10,11,12,27792.069022628,1.00023844653882
"z_sim_2006[22]",9.12346428571429,0.00751714381058939,1.2567782429666,6,8,9,10,11,27951.916466082,1.00001625249757
"z_sim_2006[23]",10.8091428571429,0.00812417865290766,1.35580626564841,8,10,11,12,13,27850.7146090697,0.999917044478722
"z_sim_2006[24]",8.32028571428572,0.00706895581282971,1.18976428117581,6,8,8,9,10,28327.7003033198,0.999975078647812
"z_sim_2006[25]",6.65514285714286,0.00647992316737015,1.06071378498337,4,6,7,7,8,26795.182108811,0.999904021650362
"z_sim_2006[26]",3.33139285714286,0.00444682272398193,0.748392700826389,2,3,3,4,4,28324.317478515,0.99993719889864
"z_sim_2006[27]",2.496,0.00385051219684839,0.642205030325234,1,2,3,3,3,27817.006965489,0.999982543075753
"z_sim_2006[28]",2.50514285714286,0.00387850905449492,0.643530262352295,1,2,3,3,3,27530.1342984553,0.999925446581238
"z_sim_2006[29]",3.33575,0.00454497727668822,0.742514203263433,2,3,3,4,4,26689.8478824089,1.00026122582983
"z_sim_2006[30]",3.33032142857143,0.00451727426404893,0.750723952823354,2,3,3,4,4,27618.9794537853,1.00008104860173
"z_sim_2006[31]",6.67425,0.00639063639005956,1.06145050566221,4,6,7,7,8,27587.4323000498,0.999995710089159
"z_sim_2006[32]",1.67132142857143,0.0031549937330986,0.525440196221316,0,1,2,2,2,27736.367611597,0.99990198612236
"z_sim_2006[33]",2.50246428571429,0.00386195017576097,0.646646517371523,1,2,3,3,3,28036.2906011613,1.00005263130437
"z_sim_2006[34]",5.00217857142857,0.00548451707296381,0.914676049980446,3,4,5,6,6,27813.6400345563,1.00021269589104
"z_sim_2006[35]",4.17535714285714,0.00498079210003906,0.834559184702666,2,4,4,5,5,28074.8505579813,0.999910069894395
"z_sim_2006[36]",5.00592857142857,0.00550059247290769,0.911510651705081,3,4,5,6,6,27460.2543639131,0.999940502548595
"z_sim_2006[37]",2.50153571428571,0.00399008949318687,0.646373171808972,1,2,3,3,3,26242.2683249802,1.00006276543473
"z_sim_2006[38]",3.3385,0.00447037716134672,0.741866549560185,2,3,3,4,4,27539.9563381022,0.999951399054001
"z_sim_2006[39]",2.50225,0.00391734877594357,0.646371079996762,1,2,3,3,3,27225.7187430959,0.999964220887695
"z_sim_2006[40]",8.34621428571429,0.00716025682145391,1.18365655849536,6,8,8,9,10,27327.1422960813,1.0000111148152
"z_sim_2006[41]",5.83935714285714,0.00589810921763098,0.989956861310465,4,5,6,7,7,28171.30201078,1.00004719149928
"z_sim_2006[42]",3.33921428571429,0.00443099026660346,0.740142132215679,2,3,3,4,4,27901.5713084219,0.999967253704124
"z_sim_2006[43]",5.84692857142857,0.00591986312190453,0.979775772775657,4,5,6,7,7,27392.3985781707,0.999937720357422
"z_sim_2006[44]",5.00385714285714,0.00549861699151667,0.909953127585345,3,4,5,6,6,27386.1576923327,0.999944172277995
"z_sim_2006[45]",3.33882142857143,0.00443859628461526,0.746591265726648,2,3,3,4,4,28292.7081156486,0.999898732145999
"z_sim_2006[46]",4.177,0.00499016823592544,0.837246528418118,2,4,4,5,5,28149.8662688024,0.99991221363765
"z_sim_2006[47]",2.50960714285714,0.00394831672448974,0.642812705635663,1,2,3,3,3,26506.0454121579,0.999973327743828
"z_sim_2006[48]",3.34003571428571,0.00450211097520712,0.745655894570076,2,3,3,4,4,27431.181825442,0.999978693758122
"z_sim_2006[49]",2.50460714285714,0.00390528300247378,0.645639841258711,1,2,3,3,3,27332.2649357272,0.999974676636897
"z_sim_2006[50]",2.50714285714286,0.00384614975255124,0.639055659902839,1,2,3,3,3,27607.3671913161,1.00000254768337
"z_sim_2006[51]",1.67089285714286,0.00317489436437081,0.525307856231374,0,1,2,2,2,27375.9520788666,0.999945265248549
"z_sim_2006[52]",2.50260714285714,0.00390047962752367,0.645485042692475,1,2,3,3,3,27386.4877446361,1.00001737111725
"z_sim_2006[53]",0.836285714285714,0.00221952003189618,0.370022713158741,0,1,1,1,1,27793.2048520385,1.00002801069559
"z_sim_2006[54]",0.836178571428571,0.00224295179480647,0.370120062373753,0,1,1,1,1,27229.8578137747,0.999960221520733
"z_sim_2006[55]",0,NA,0,0,0,0,0,0,NA,NA
"z_sim_2006[56]",0.838214285714286,0.00222492747695964,0.368260696199333,0,1,1,1,1,27395.4867312477,1.00023871018378
"z_sim_2006[57]",3.34325,0.00444331755338532,0.740139273962892,2,3,3,4,4,27746.7547062848,1.00000200824478
"z_sim_2006[58]",1.67271428571429,0.00311860701118914,0.524098831801217,0,1,2,2,2,28242.6264245892,0.999903704648616
"z_sim_2006[59]",3.34671428571429,0.00440534885174884,0.735542529048596,2,3,3,4,4,27877.5733468327,0.999936778187403
"z_sim_2006[60]",0.833964285714286,0.00223031774338682,0.37211933747729,0,1,1,1,1,27837.5493041357,0.999993189021721
"z_sim_2006[61]",0.835892857142857,0.0021999558205647,0.370379383656584,0,1,1,1,1,28344.2970282375,0.999929640045728
"z_sim_2006[62]",0,NA,0,0,0,0,0,0,NA,NA
"z_sim_2006[63]",3.33728571428571,0.00446282233530354,0.748026767529331,2,3,3,4,4,28094.0972957499,0.999893957553304
"z_sim_2006[64]",0.838642857142857,0.00219905884323992,0.36786661763761,0,1,1,1,1,27983.8237831427,1.00028386295687
"z_sim_2006[65]",2.50596428571429,0.00380672797047198,0.642245403793942,1,2,3,3,3,28464.1568280577,0.9998841149826
"z_sim_2006[66]",2.50239285714286,0.00384132440949223,0.643879266052947,1,2,3,3,3,28096.1562027909,0.99996956695941
"z_sim_2006[67]",6.68496428571429,0.00631317917935078,1.05287325424925,4,6,7,7,8,27813.5200431348,1.00007582550655
"z_sim_2006[68]",0.833357142857143,0.00221631312543975,0.372663353757529,0,1,1,1,1,28272.9509160324,1.00011773253391
"z_sim_2006[69]",0.834428571428571,0.00223775691941846,0.37170211861919,0,1,1,1,1,27590.7976160609,1.00003280229121
"z_sim_2006[70]",2.49335714285714,0.00398386697237942,0.657734125690821,1,2,3,3,3,27257.8184175172,0.999917803319996
"z_sim_2006[71]",0.834535714285714,0.00224472116802376,0.371605688440305,0,1,1,1,1,27405.6371130307,1.00000758774622
"z_sim_2006[72]",3.34825,0.00441235806178569,0.737799784071372,2,3,3,4,4,27959.895982383,0.999943414201446
"z_sim_2006[73]",0,NA,0,0,0,0,0,0,NA,NA
"z_sim_2006[74]",1.67303571428571,0.00327445757614276,0.5247420222791,0,1,2,2,2,25681.0604528618,0.99991210082001
"z_sim_2006[75]",5.84028571428571,0.00609842328533876,0.996793991335416,4,5,6,7,7,26716.2619347485,1.00020794877661
"z_sim_2006[76]",1.67039285714286,0.00321065082443443,0.524313516597625,0,1,2,2,2,26668.3382598592,1.00003277383913
"z_sim_2006[77]",3.33675,0.00444396281322682,0.746093179383502,2,3,3,4,4,28186.7697130199,0.999924546232578
"z_sim_2006[78]",2.50953571428571,0.00384684564611923,0.641144763876469,1,2,3,3,3,27778.1090334216,0.999911456587713
"z_sim_2006[79]",1.671,0.00314411062082551,0.524660681802705,0,1,2,2,2,27845.9092409686,0.999964658354019
"z_sim_2006[80]",1.671,0.00314524357662343,0.525476930511855,0,1,2,2,2,27912.5002906418,0.99994341604849
"z_sim_2011[1]",2.69542857142857,0.00885921873201541,1.42666757362229,0,2,3,4,6,25933.117744034,0.99997024924335
"z_sim_2011[2]",4.35039285714286,0.0106951861450071,1.59818926430928,1,3,4,5,7,22329.5372330211,1.00035788649067
"z_sim_2011[3]",5.41496428571429,0.0104396054500765,1.59483623730407,2,4,5,7,8,23338.0206133449,1.00009923702303
"z_sim_2011[4]",6.16764285714286,0.00978745250253595,1.56442061206175,3,5,6,7,9,25548.6362919227,1.00011130956198
"z_sim_2011[5]",6.68117857142857,0.0096455973803761,1.50626252139344,4,6,7,8,9,24386.1409938767,0.999970584141928
"z_sim_2011[6]",7.06821428571429,0.00904750934354143,1.45807893070268,4,6,7,8,10,25971.9159234472,0.999913348488841
"z_sim_2011[7]",7.34167857142857,0.00853890127935593,1.40356855285561,4,6,7,8,10,27018.6268437138,0.999950868476213
"z_sim_2011[8]",7.54010714285714,0.00823917272512742,1.37309406953128,5,7,8,9,10,27773.6761963314,0.999911548971189
"z_sim_2011[9]",7.69775,0.00803728285460837,1.33888080729253,5,7,8,9,10,27750.1494766193,1.00002709710333
"z_sim_2011[10]",7.83464285714286,0.00790786183108685,1.30469069468564,5,7,8,9,10,27220.5555594334,1.00006029825519
"z_sim_2011[11]",7.14110714285714,0.00743070785001979,1.21958677238391,5,6,7,8,9,26937.9806982888,0.999890298965817
"z_sim_2011[12]",10.4146785714286,0.00874890091175437,1.45061897382942,7,9,11,11,13,27491.5807125617,0.999909772694443
"z_sim_2011[13]",0,NA,0,0,0,0,0,0,NA,NA
"z_sim_2011[14]",9.7595,0.00816186630069664,1.34883934720062,7,9,10,11,12,27311.2451157332,1.00000239465267
"z_sim_2011[15]",6.5175,0.00656416491939909,1.09812552755779,4,6,7,7,8,27986.269201752,0.999928228572911
"z_sim_2011[16]",6.56532142857143,0.00650141107744369,1.08554965546093,4,6,7,7,8,27879.4456383429,1.00005066752667
"z_sim_2011[17]",4.93121428571429,0.00561998331984564,0.942231517548299,3,4,5,6,6,28108.987432569,1.0000334425043
"z_sim_2011[18]",4.95010714285714,0.0055705133996965,0.930671144684442,3,4,5,6,6,27912.7130716116,1.00016070597893
"z_sim_2011[19]",4.95360714285714,0.00565567611559138,0.932577177556205,3,4,5,6,6,27189.4551354549,1.00001560034526
"z_sim_2011[20]",4.97207142857143,0.0057332195682654,0.930879507198123,3,4,5,6,6,26362.6940977632,1.00001026675386
"z_sim_2011[21]",4.97046428571429,0.00561947053224337,0.921013072448047,3,4,5,6,6,26862.1513974467,0.999912698443052
"z_sim_2011[22]",4.15107142857143,0.00500282507340271,0.837506274473354,2,4,4,5,5,28024.9923803125,1.00001540645593
"z_sim_2011[23]",4.15042857142857,0.00504566795953718,0.84289266655264,2,4,4,5,5,27906.6185230024,1.00000610384343
"z_sim_2011[24]",4.15396428571429,0.00504819643609272,0.838450163843193,2,4,4,5,5,27585.5734221139,0.999930842228488
"z_sim_2011[25]",4.15878571428571,0.0050251210259396,0.843732155329514,2,4,4,5,5,28191.3679388842,1.00000601641278
"z_sim_2011[26]",4.16464285714286,0.00506437046954286,0.839849088804977,2,4,4,5,5,27501.1956174592,1.00003266727889
"z_sim_2011[27]",1.66585714285714,0.00324544062263859,0.530769022414196,0,1,2,2,2,26746.3054581642,1.00006720684603
"z_sim_2011[28]",2.50046428571429,0.00389513833435506,0.644382572511566,1,2,3,3,3,27367.9205516933,0.999922708304264
"z_sim_2011[29]",4.17357142857143,0.00510471255878054,0.829869429067268,2,4,4,5,5,26428.769766564,0.999921512042695
"z_sim_2011[30]",5.83153571428571,0.00576926413478438,0.981240410272129,4,5,6,7,7,28927.4402521538,1.00003865159864
"z_sim_2011[31]",0,NA,0,0,0,0,0,0,NA,NA
"z_sim_2011[32]",1.67410714285714,0.00313255602980617,0.519941549523541,0,1,2,2,2,27549.3497707221,0.999945950790382
"z_sim_2011[33]",2.50292857142857,0.00385226401541331,0.647141479597487,1,2,3,3,3,28220.609369208,0.999954338496198
"z_sim_2011[34]",1.66964285714286,0.00314460218844645,0.525441056802881,0,1,2,2,2,27920.0752536774,0.999989592626204
"z_sim_2011[35]",0,NA,0,0,0,0,0,0,NA,NA
"z_sim_2011[36]",3.34228571428571,0.00450861899196028,0.748142782206815,2,3,3,4,4,27534.798874016,1.00001093007294
"z_sim_2011[37]",2.50639285714286,0.00391360512734639,0.645347972375504,1,2,3,3,3,27191.5454103334,1.00018893617558
"z_sim_2011[38]",1.66710714285714,0.00318572653486678,0.526999031123744,0,1,2,2,2,27365.453378701,0.999938863222858
"z_sim_2011[39]",5.84175,0.0061037485460955,0.986638733022186,4,5,6,7,7,26129.0159455157,1.00007653666214
"z_sim_2011[40]",4.17328571428571,0.00518690388264598,0.835846798038533,2,4,4,5,5,25967.9081105444,1.0001941363241
"z_sim_2011[41]",2.51167857142857,0.00383162302998474,0.638093932600659,1,2,3,3,3,27733.436067225,0.999939747115247
"z_sim_2011[42]",4.17232142857143,0.00501199518874646,0.834784958902387,2,4,4,5,5,27741.3722437287,0.999991493914707
"z_sim_2011[43]",1.67067857142857,0.00320921818069794,0.524969478707927,0,1,2,2,2,26758.9840985839,0.999942014475684
"z_sim_2011[44]",3.33621428571429,0.00448186389937021,0.742472461722178,2,3,3,4,4,27443.7448062871,1.00002777861992
"z_sim_2011[45]",2.505,0.00387134117264093,0.643864298070484,1,2,3,3,3,27660.8674735888,0.999926191547877
"z_sim_2011[46]",1.66314285714286,0.00317203610359317,0.52823974757823,0,1,2,2,2,27732.3013002657,0.999994138942659
"z_sim_2011[47]",1.67167857142857,0.00314472386552707,0.524847480295141,0,1,2,2,2,27854.874109052,0.99992200671354
"z_sim_2011[48]",3.34228571428571,0.00442640494354658,0.742247663853327,2,3,3,4,4,28118.7101009564,0.99992732249645
"z_sim_2011[49]",4.17182142857143,0.00504043431883047,0.832274417910892,2,4,4,5,5,27264.4770207445,0.999986706727338
"z_sim_2011[50]",3.339,0.00442692892411005,0.743562008281281,2,3,3,4,4,28211.7018143745,0.999927095648464
"z_sim_2011[51]",2.50842857142857,0.00386507503382985,0.639319381016523,1,2,3,3,3,27360.2386853927,0.999961989756609
"z_sim_2011[52]",0,NA,0,0,0,0,0,0,NA,NA
"z_sim_2011[53]",1.67460714285714,0.00308446691923894,0.520597757410942,0,1,2,2,2,28486.8449830915,1.0000545100322
"z_sim_2011[54]",1.66910714285714,0.00315496012260705,0.525613721158259,0,1,2,2,2,27755.2816861427,1.0000664266698
"z_sim_2011[55]",5.01764285714286,0.00542183534134264,0.906092581053726,3,4,5,6,6,27928.8144497741,0.999999139768758
"z_sim_2011[56]",0.834214285714286,0.00222979612949521,0.371894811358786,0,1,1,1,1,27816.976511025,1.00004803496764
"z_sim_2011[57]",5.84317857142857,0.00584672476474994,0.981859772424533,4,5,6,7,7,28201.5925876004,1.00000425721431
"z_sim_2011[58]",1.67460714285714,0.00313509576297147,0.523880443329608,0,1,2,2,2,27923.0433478337,1.00000936825435
"z_sim_2011[59]",5.00714285714286,0.00547258853756453,0.914084377529556,3,4,5,6,6,27898.893571789,0.999966796390791
"z_sim_2011[60]",5.00632142857143,0.00549055260406827,0.917580729448328,3,4,5,6,6,27929.0687261661,1.00019552556108
"z_sim_2011[61]",2.50325,0.00383120678683787,0.645924627088505,1,2,3,3,3,28424.4781116968,1.00001210638916
"z_sim_2011[62]",1.67575,0.0031248557002056,0.519869644184515,0,1,2,2,2,27677.6353894471,0.999920493397318
"z_sim_2011[63]",0.83475,0.00222308866870261,0.371412660246764,0,1,1,1,1,27912.5707316473,0.999990198206872
"z_sim_2011[64]",1.67325,0.00313949516269041,0.523512802260369,0,1,2,2,2,27805.7732427407,1.00001862688612
"z_sim_2011[65]",2.50546428571429,0.00389299568262343,0.642805712801035,1,2,3,3,3,27264.1279644939,1.00002562677621
"z_sim_2011[66]",4.16821428571429,0.0050695926264517,0.837308865192133,2,4,4,5,5,27278.7995124832,0.99993028330424
"z_sim_2011[67]",0.832857142857143,0.00219759506359612,0.373110029714795,0,1,1,1,1,28825.6099365344,0.999999804270783
"z_sim_2011[68]",1.66946428571429,0.00314214306621717,0.5273305429163,0,1,2,2,2,28165.2715195097,0.999969798265645
"z_sim_2011[69]",4.99728571428571,0.00557940857398665,0.917384389532153,3,4,5,6,6,27034.9991711542,1.00008091713792
"z_sim_2011[70]",0.835785714285714,0.0022452829855742,0.370476525530763,0,1,1,1,1,27225.7103207254,0.999947175713142
"z_sim_2011[71]",3.33578571428571,0.00439996397133525,0.74078846705575,2,3,3,4,4,28345.8956619838,0.999938475361119
"z_sim_2011[72]",0.833464285714286,0.0022231483357424,0.372567480503928,0,1,1,1,1,28084.908114997,0.999959081471707
"z_sim_2011[73]",1.66460714285714,0.00325187739324253,0.52839395742279,0,1,2,2,2,26402.6403106983,1.00000656920143
"z_sim_2011[74]",4.17382142857143,0.0050390493923188,0.83344606774461,2,4,4,5,5,27356.3261710621,0.999939142850357
"z_sim_2011[75]",5.00078571428571,0.00545007012295016,0.916881815614935,3,4,5,6,6,28302.3526989806,0.999980914949482
"z_sim_2011[76]",3.33639285714286,0.00445937590493081,0.744289441714725,2,3,3,4,4,27857.0773865558,0.999921989182575
"z_sim_2011[77]",3.33432142857143,0.00452636006627992,0.744790762094155,2,3,3,4,4,27075.1184600816,0.999948214644702
"z_sim_2011[78]",2.50992857142857,0.00384408364433218,0.643307683047931,1,2,3,3,3,28006.0473293415,0.999980077102198
"z_sim_2011[79]",1.66714285714286,0.00316535424977691,0.526784346304435,0,1,2,2,2,27696.2569892266,0.999891842482784
"z_sim_2011[80]",3.33632142857143,0.00450473293554361,0.746382183639065,2,3,3,4,4,27452.6599538291,0.999907401088788
"z_sim_2017[1]",4.57289285714286,0.0124014830079688,1.87259114098384,1,3,4,6,8,22800.20142893,1.00002302547543
"z_sim_2017[2]",7.82771428571429,0.0149347734680872,2.16988809889759,4,6,8,9,12,21109.4732596023,0.999991507303408
"z_sim_2017[3]",9.212,0.0139504055134006,2.09509595268716,5,8,9,11,13,22554.5502706689,1.00000159585701
"z_sim_2017[4]",18.4941071428571,0.0193143102389537,2.80316712095749,13,17,19,20,24,21063.9383522362,1.00000296237975
"z_sim_2017[5]",9.36878571428571,0.0114511882848556,1.79018278664394,6,8,9,11,13,24439.5746240341,1.00007415546372
"z_sim_2017[6]",5.64964285714286,0.00784871377036174,1.30108044715181,3,5,6,7,8,27479.6576470541,1.0000603662624
"z_sim_2017[7]",8.08232142857143,0.00896161657603514,1.47291521657826,5,7,8,9,11,27013.619633092,0.999973844723109
"z_sim_2017[8]",6.03267857142857,0.00750015675563226,1.22850967120961,3,5,6,7,8,26829.7409049118,1.00014787175262
"z_sim_2017[9]",7.69492857142857,0.00826226063361099,1.34038742394542,5,7,8,9,10,26318.6075109202,1.0000719821717
"z_sim_2017[10]",10.9744285714286,0.00926125663628579,1.54626372021439,8,10,11,12,14,27875.7970798238,0.999965509257946
"z_sim_2017[11]",7.14157142857143,0.00731800480652961,1.22326126203186,5,6,7,8,9,27941.7153989576,1.00009891575005
"z_sim_2017[12]",10.4163214285714,0.00872221126112199,1.44405216558178,7,10,11,11,13,27410.2225227545,0.999973411631726
"z_sim_2017[13]",4.84257142857143,0.00576288786403703,0.971394403941182,3,4,5,6,6,28412.5920933586,1.00009582582298
"z_sim_2017[14]",7.30239285714286,0.00704635037707492,1.16778183188988,5,7,7,8,9,27465.9711529157,0.999935514472748
"z_sim_2017[15]",9.79285714285714,0.0081459336265689,1.35491706689837,7,9,10,11,12,27665.8292607766,0.999935108074777
"z_sim_2017[16]",4.9215,0.00563107940834462,0.94416154113084,3,4,5,6,6,28113.1369960396,1.00009067267121
"z_sim_2017[17]",8.22025,0.00729804908292631,1.21279177805792,6,7,8,9,10,27615.8826374942,0.999995403134992
"z_sim_2017[18]",8.24628571428571,0.00721429845465404,1.20704880184653,6,7,8,9,10,27993.7737631393,1.00006970904305
"z_sim_2017[19]",6.60264285714286,0.00640631634758873,1.07314883931425,4,6,7,7,8,28061.0009993191,1.00000994710065
"z_sim_2017[20]",12.4130357142857,0.00892558687585938,1.47605193353269,9,11,13,13,15,27348.2608159571,1.00004831931104
"z_sim_2017[21]",11.5932142857143,0.00862620261359844,1.42137673484583,9,11,12,13,14,27150.5790149741,0.999936222347391
"z_sim_2017[22]",11.6218214285714,0.00837792337289631,1.41052746839717,9,11,12,13,14,28345.9050615609,0.999987597187207
"z_sim_2017[23]",12.4562857142857,0.00868719161261114,1.45750052710199,9,12,13,14,15,28148.7192411128,0.999980826902114
"z_sim_2017[24]",5.81807142857143,0.00603649055974459,0.995673627377019,4,5,6,7,7,27206.0164599019,0.99994556704795
"z_sim_2017[25]",0.832071428571429,0.00222063714907647,0.373809519422262,0,1,1,1,1,28336.4546553459,0.999953673372992
"z_sim_2017[26]",2.49607142857143,0.00392898288451481,0.652193913266253,1,2,3,3,3,27554.5427650219,0.999969866349994
"z_sim_2017[27]",6.6635,0.0063563019359885,1.05696016556902,4,6,7,7,8,27650.8319312608,1.00017545841197
"z_sim_2017[28]",4.99367857142857,0.00560390248370554,0.912036828014216,3,4,5,6,6,26487.661173564,1.00010692430546
"z_sim_2017[29]",6.66803571428571,0.00635197366592961,1.06325851047862,4,6,7,7,8,28019.4984590475,1.00005787371588
"z_sim_2017[30]",4.16942857142857,0.00497511273551162,0.828443402145024,2,4,4,5,5,27728.0823052648,0.999972987320594
"z_sim_2017[31]",6.67032142857143,0.00641516516755288,1.05979884008921,4,6,7,7,8,27291.7380966838,1.00000066011489
"z_sim_2017[32]",3.33582142857143,0.00448000041868999,0.74670295950294,2,3,3,4,4,27780.4730106549,1.00000325869168
"z_sim_2017[33]",4.16885714285714,0.00499883056099141,0.834786976630817,2,4,4,5,5,27887.8155682915,1.00002039419985
"z_sim_2017[34]",7.50625,0.0069870449641657,1.12119456905923,5,7,8,8,9,25749.8613322585,0.999941204003153
"z_sim_2017[35]",5.85410714285714,0.0059703718059453,0.986661057351176,4,5,6,7,7,27310.7243672021,0.999987018182187
"z_sim_2017[36]",5.01321428571429,0.00555701287047363,0.912452411355728,3,4,5,6,6,26961.1021077738,0.999925089651079
"z_sim_2017[37]",5.84003571428571,0.00586489732544825,0.982988995572235,4,5,6,7,7,28091.6005948267,0.999912483916625
"z_sim_2017[38]",3.33785714285714,0.00443811487489788,0.748198580154999,2,3,3,4,4,28420.825035811,0.999963566376
"z_sim_2017[39]",3.33353571428571,0.00447363872327664,0.746100975331832,2,3,3,4,4,27814.6370682417,1.00002679702135
"z_sim_2017[40]",1.67210714285714,0.00316264612745116,0.525591229158432,0,1,2,2,2,27618.1775246551,0.999971030844792
"z_sim_2017[41]",4.17582142857143,0.00510349360852747,0.8311378151411,2,4,4,5,5,26522.2847960663,0.99995238007354
"z_sim_2017[42]",0.836571428571429,0.00221839465070805,0.369762838166929,0,1,1,1,1,27782.3452896519,1.00000521487422
"z_sim_2017[43]",0.835607142857143,0.00223204878837617,0.370638303245865,0,1,1,1,1,27573.5847914647,1.00005699093995
"z_sim_2017[44]",5.00778571428571,0.00555345140906533,0.918600382199306,3,4,5,6,6,27360.7054653197,1.00003711634297
"z_sim_2017[45]",1.67028571428571,0.00315917902532128,0.525165059516171,0,1,2,2,2,27633.9630654051,1.00009532052108
"z_sim_2017[46]",3.34617857142857,0.0044102901933134,0.738870688402168,2,3,3,4,4,28067.4231984401,0.999990199132632
"z_sim_2017[47]",0.836428571428571,0.00220040200313171,0.369892826072906,0,1,1,1,1,28258.4120547166,0.999960524059355
"z_sim_2017[48]",0.836035714285714,0.00222031288863003,0.370249773279584,0,1,1,1,1,27807.4549681924,1.0000471558818
"z_sim_2017[49]",4.16696428571429,0.00507105898942903,0.836001129146829,2,4,4,5,5,27177.931704544,1.00005498851285
"z_sim_2017[50]",0,NA,0,0,0,0,0,0,NA,NA
"z_sim_2017[51]",0.83175,0.00223330532222083,0.37409482167606,0,1,1,1,1,28058.677113541,1.00000242448422
"z_sim_2017[52]",1.66871428571429,0.00318647810804622,0.526215281067405,0,1,2,2,2,27271.249275624,0.999919040165827
"z_sim_2017[53]",3.33892857142857,0.00446079392382881,0.745704938128959,2,3,3,4,4,27945.360537404,0.999933987518231
"z_sim_2017[54]",3.34389285714286,0.00448792889853804,0.738439497750475,2,3,3,4,4,27073.0945986723,1.00005451181155
"z_sim_2017[55]",0.830428571428571,0.00225341620403539,0.375262559470575,0,1,1,1,1,27732.4122049366,1.00011647457004
"z_sim_2017[56]",4.17478571428571,0.00506171725105026,0.831764272626285,2,4,4,5,5,27002.5488453205,0.999962972561467
"z_sim_2017[57]",2.50360714285714,0.00387105313118372,0.644150897609468,1,2,3,3,3,27689.6182511391,1.0002345842544
"z_sim_2017[58]",5.01878571428571,0.00543973240872432,0.911728146404607,3,4,5,6,6,28091.5467016362,1.00004872421224
"z_sim_2017[59]",0.837785714285714,0.00223217945431366,0.368653855260242,0,1,1,1,1,27275.9161741334,1.00005544163804
"z_sim_2017[60]",0.836642857142857,0.00222281600138959,0.369697806373156,0,1,1,1,1,27662.2000882199,0.999967524214094
"z_sim_2017[61]",0.832321428571429,0.0022272830519403,0.373587275832737,0,1,1,1,1,28134.1194597903,0.999963038326014
"z_sim_2017[62]",1.66935714285714,0.0031346940787871,0.525125297468188,0,1,2,2,2,28063.0941971156,1.00001352514464
"z_sim_2017[63]",0,NA,0,0,0,0,0,0,NA,NA
"z_sim_2017[64]",0.834642857142857,0.00221488559509059,0.371509202330692,0,1,1,1,1,28134.3285138069,0.999931127332129
"z_sim_2017[65]",2.50553571428571,0.00390187907175301,0.643415993751508,1,2,3,3,3,27191.6833028631,1.00002286979194
"z_sim_2017[66]",1.66489285714286,0.00318254168872429,0.530598422715119,0,1,2,2,2,27796.0898429905,1.00022801231652
"z_sim_2017[67]",2.50935714285714,0.00389881507647725,0.641704210144049,1,2,3,3,3,27089.7192239715,0.999985422838641
"z_sim_2017[68]",2.50542857142857,0.0038866269641191,0.643694392871956,1,2,3,3,3,27429.2374093147,0.999953109473751
"z_sim_2017[69]",0,NA,0,0,0,0,0,0,NA,NA
"z_sim_2017[70]",3.33692857142857,0.00443482216666467,0.747423538829254,2,3,3,4,4,28404.1058869457,1.00003076622472
"z_sim_2017[71]",0,NA,0,0,0,0,0,0,NA,NA
"z_sim_2017[72]",2.51057142857143,0.00395062874054733,0.64140699860543,1,2,3,3,3,26359.3654315127,1.00001554693768
"z_sim_2017[73]",2.50725,0.00380592594105626,0.640673159154184,1,2,3,3,3,28336.903623503,0.999956743014464
"z_sim_2017[74]",1.66571428571429,0.00317473817625607,0.528115403384154,0,1,2,2,2,27672.0822832531,0.999991108620617
"z_sim_2017[75]",2.5005,0.00386449170851556,0.64786497515813,1,2,3,3,3,28105.0423397325,0.999992637360545
"z_sim_2017[76]",3.33889285714286,0.00448832125792824,0.745409794157661,2,3,3,4,4,27581.7819217891,0.999993217054598
"z_sim_2017[77]",2.50571428571429,0.00388887519112176,0.64563099129187,1,2,3,3,3,27562.6345993029,0.999952254691275
"z_sim_2017[78]",5.01689285714286,0.00549067762756718,0.910255816558946,3,4,5,6,6,27483.6895256218,0.999995741479588
"z_sim_2017[79]",5.84657142857143,0.00589193442018383,0.98499167990961,4,5,6,7,7,27947.908681991,1.00001770946109
"z_sim_2017[80]",0.832392857142857,0.00221156957996796,0.373523722642256,0,1,1,1,1,28525.624647461,1.00013185335663
"log_likelihood[1]",-2.01078020010483,0.0021236481223026,0.151456766927423,-2.39026570632693,-2.08973089182449,-1.97258214759242,-1.89017026677261,-1.84306085567047,5086.42034707613,1.00044276995314
"log_likelihood[2]",-2.81442251606765,0.00499288649650121,0.346199116711562,-3.57110280210201,-3.03107209907429,-2.78660879713069,-2.5689328654413,-2.22065018226456,4807.8235930484,1.00061126615725
"log_likelihood[3]",-2.00771330545973,0.00301679964868743,0.209893378005591,-2.50293544637013,-2.12739435102638,-1.97580774002263,-1.85292610086944,-1.69681189469813,4840.65952042689,1.0006026290206
"log_likelihood[4]",-1.79729708946089,0.000904567111058032,0.0672498865753679,-1.98674692754614,-1.81784608601677,-1.77128431110963,-1.75129843357142,-1.74530174698312,5527.153497904,1.00033747886152
"log_likelihood[5]",-1.67618359423326,0.000618890853270684,0.0469581741703028,-1.80908682545967,-1.68912014863375,-1.65800449564503,-1.64476924170582,-1.64100947952762,5756.97410797336,1.00036372943976
"log_likelihood[6]",-4.71868121127311,0.0049164698680541,0.36965231227531,-5.4682098373144,-4.96430150603331,-4.71014236682125,-4.46340609029449,-4.01955149388983,5653.01438662793,1.00051934702962
"log_likelihood[7]",-1.41786598491155,0.00137927658590873,0.107527083856192,-1.64897429421642,-1.48605425254032,-1.41012570535702,-1.34187215072898,-1.22828314816427,6077.6125195951,1.00050370464162
"log_likelihood[8]",-1.35576871301088,0.00082432303560249,0.0678356835125526,-1.49743959163289,-1.39968667500762,-1.35291274081498,-1.30793114611629,-1.23225077940016,6772.071550135,1.00040114043856
"log_likelihood[9]",-2.11289636175175,0.00160096337255836,0.140366263700689,-2.40229030865094,-2.20464980546358,-2.10840178264838,-2.01550325701614,-1.853516452747,7687.10277758283,1.00033811908774
"log_likelihood[10]",-1.78718657320266,0.00104211319117241,0.0986425030475496,-1.99123697246787,-1.85157682620428,-1.78358270531203,-1.71872402074561,-1.60483969658772,8959.80135787777,1.00026595805789
"log_likelihood[11]",-2.10127333808452,0.00112962049821634,0.116187645804116,-2.34013361266827,-2.17823782211991,-2.09828373639583,-2.02140797977178,-1.88266154954924,10579.2474427616,1.00020841500353
"log_likelihood[12]",-0.895370235357388,0.000132643328141697,0.0149998824824174,-0.929696244939132,-0.90446206910223,-0.893628094816169,-0.884435760784847,-0.871340377457581,12788.066698478,1.00008555796741
"log_likelihood[13]",-3.29047798425762,0.00185521729512619,0.224522610515866,-3.75485040333324,-3.43912207012494,-3.28322295776393,-3.13546559187091,-2.87329919909633,14646.3901120776,1.00009897593186
"log_likelihood[14]",-1.4135414899238,0.000218457345078028,0.0277991888105301,-1.48282553131949,-1.42851226227453,-1.40779479465594,-1.3923807145963,-1.37792653425304,16193.1352702415,1.00002075438934
"log_likelihood[15]",-1.54752889508032,0.000206313385832065,0.0261021864186532,-1.61688745766315,-1.55907827300368,-1.53945541650093,-1.52764404092873,-1.52240139510676,16006.5951756691,1.00005689307299
"log_likelihood[16]",-1.93112713519803,0.00104559035302297,0.140426818019559,-2.22182696162938,-2.02237374078239,-1.92548901308462,-1.83364616572831,-1.6726720081848,18037.5262020084,1.00003665346917
"log_likelihood[17]",-1.24503697786778,0.000230117115893784,0.030640560830223,-1.31518519998476,-1.26335496123254,-1.24116287137565,-1.22245408081716,-1.19723791573133,17729.4627589293,1.00004563216438
"log_likelihood[18]",-2.16337073616802,0.000934179016000619,0.123199201212827,-2.41553434598434,-2.24440572768541,-2.15947856525446,-2.07802700208407,-1.93457582624082,17392.2419557469,1.00002651092843
"log_likelihood[19]",-1.58040965400404,0.000561850810244104,0.0724217240570727,-1.73757485406701,-1.62623981361664,-1.5749260741878,-1.52886080305687,-1.45575739916937,16614.8221059851,1.00004657633308
"log_likelihood[20]",-3.1500275393311,0.00156325736257453,0.197049572666246,-3.55109666116933,-3.28039782541454,-3.14539170018139,-3.01490192045929,-2.78024799348617,15888.7608817823,1.00003142020768
"log_likelihood[21]",-1.34904308826056,0.000706585132380722,0.0866780936164155,-1.53208174138055,-1.4040763562716,-1.34372335401107,-1.28813597669969,-1.19462836961297,15048.378700721,1.00000207806222
"log_likelihood[22]",-5.43717454259748,0.00285341936192768,0.344522319211218,-6.13350054292153,-5.66531441107606,-5.43051640650195,-5.20091474274229,-4.78647066840764,14578.1869904392,1.00003878933723
"log_likelihood[23]",-1.44101617173048,0.000863756057093394,0.102021574457052,-1.65550834459415,-1.50625234861028,-1.43503892474405,-1.36969570417442,-1.25858557375387,13950.8873305058,1.00000619155844
"log_likelihood[24]",-1.1431036292806,0.000510298519708978,0.0592552249490239,-1.27064990286232,-1.18036151457829,-1.13831610365013,-1.10115413037242,-1.04145547083231,13483.5635161052,0.999998725829278
"log_likelihood[25]",-1.47271140376789,0.00101897010671367,0.117013579849978,-1.7092989616188,-1.54992550560708,-1.46943818633397,-1.39265841314265,-1.25320070147705,13187.1105034704,1.00002492341069
"log_likelihood[26]",-0.734022191720733,0.000519857134248513,0.0589867051925424,-0.85346784375591,-0.773072013615604,-0.732363851229112,-0.693648168402357,-0.623167868024356,12874.7931522495,1.00002769740683
"log_likelihood[27]",-0.549060345764304,0.000396831346117148,0.0445649081911424,-0.639302199143833,-0.578496304714812,-0.547888733570666,-0.518610743364185,-0.465228285174555,12611.7133717794,1.00003023968471
"log_likelihood[28]",-0.547847201121156,0.000402985120270101,0.0448560831922394,-0.638543312477993,-0.577420716177478,-0.546697579215063,-0.517186822589023,-0.463641523427544,12389.8108379411,1.00003253045758
"log_likelihood[29]",-0.729114110493215,0.000544558190280446,0.0601540853884863,-0.850711213333872,-0.768718227518826,-0.727664465677089,-0.688074078487153,-0.616062189157593,12202.2991328589,1.0000345694993
"log_likelihood[30]",-0.956524769760772,0.000280429433733966,0.0307810851671874,-1.02376958694668,-0.975438381006579,-0.953776930304564,-0.934516923434643,-0.904345286649233,12048.1582436573,1.0001031043087
"log_likelihood[31]",-0.990939601361699,0.000279300965617791,0.0304607029627595,-1.06096176806308,-1.00874964897785,-0.986830701013218,-0.96865760947699,-0.9446202660388,11894.1926618122,0.999980997313401
"log_likelihood[32]",-0.363130748217035,0.000280708442520348,0.0304854206629829,-0.42456440590179,-0.383253893698639,-0.362499619012331,-0.342367769135636,-0.305820008185107,11794.3343504764,1.00003931596159
"log_likelihood[33]",-0.544202692255698,0.000424267880206409,0.0458853827568878,-0.636563882659671,-0.574518352192163,-0.54328603849257,-0.51295001604545,-0.45795087553926,11696.8362285148,1.00004050667324
"log_likelihood[34]",-2.95000240215677,0.00173066682233607,0.186405013790646,-3.33073493676611,-3.07086070775797,-2.94304544620675,-2.82104741781923,-2.60480235918056,11600.8080999149,1.0000754156706
"log_likelihood[35]",-1.84336473015946,0.0010191397509683,0.109404247539939,-2.06951479914019,-1.91383051901332,-1.83834693878486,-1.76722866878485,-1.64359177176431,11523.9372372865,1.00008145759652
"log_likelihood[36]",-0.915257204415533,4.8003738707046e-05,0.00511290088008934,-0.929842301063047,-0.916467116869491,-0.913249271918524,-0.911983659392122,-0.911611101356473,11344.4807017415,1.00030254056058
"log_likelihood[37]",-0.54290965917087,0.000433448429135772,0.0463402939626514,-0.636101464412487,-0.573625083994245,-0.542018641884958,-0.5112718151755,-0.455412947087499,11429.9071422392,1.00004384260142
"log_likelihood[38]",-4.20225127122445,0.00205923119372042,0.219513318791213,-4.64808732035213,-4.345512965252,-4.19527041853514,-4.05088982528535,-3.79147504046601,11363.4847870347,1.00007391421974
"log_likelihood[39]",-1.0659270695548,0.000447429697191946,0.047586240543953,-1.16607122656515,-1.09618836556003,-1.06312329736364,-1.03246463593315,-0.980704748020576,11311.3171385963,1.00009115984622
"log_likelihood[40]",-1.80796441462916,0.00145874525751591,0.155164741594516,-2.11968193538206,-1.91112232312433,-1.80506676043264,-1.70216375162045,-1.51462791191547,11314.2864738204,1.00004529669171
"log_likelihood[41]",-1.26529203427525,0.00102351202259819,0.108737069807159,-1.48372884401723,-1.33756594006791,-1.26325628236551,-1.19112625296726,-1.05971525617961,11286.7616660587,1.00004564797525
"log_likelihood[42]",-0.722887944845359,0.000586037521467201,0.0621957724109885,-0.847825598827982,-0.764250834454988,-0.721736752686928,-0.680421464651335,-0.605235689487081,11263.4357376277,1.00004594777492
"log_likelihood[43]",-1.26485346490863,0.00102734198231096,0.108934011002318,-1.48367458815113,-1.33730808850693,-1.26290993586255,-1.19044301953485,-1.05880722509442,11243.3807465625,1.00004620344071
"log_likelihood[44]",-1.08401542977116,0.000881895258673558,0.0934398330187377,-1.27168789774961,-1.14619461213807,-1.08234698100523,-1.02020636302392,-0.907111911142077,11226.1306410944,1.00004642132208
"log_likelihood[45]",-0.722595684750953,0.000588688692528834,0.0623323412034807,-0.847775821482835,-0.764082287727792,-0.721478422673668,-0.680020586555126,-0.604589495930026,11211.2875237,1.00004660689083
"log_likelihood[46]",-0.903158974001211,0.000736680101827715,0.0779577120604895,-1.05968438563681,-0.955061853612804,-0.901761900632457,-0.849928879410641,-0.755550147163152,11198.5112491036,1.00004676485282
"log_likelihood[47]",-0.541852053744444,0.000442432659467703,0.0467965579520864,-0.635793333115329,-0.573005379339562,-0.54102017772259,-0.509915704671695,-0.453283724450985,11187.5107177155,1.0000468992483
"log_likelihood[48]",-0.72242065854349,0.000590399132694173,0.0624206768757743,-0.847705655196436,-0.763990464015131,-0.721323983860964,-0.679841504412371,-0.604230362240902,11178.0365626825,1.00004701354099
"log_likelihood[49]",-0.541784632863793,0.000443115969257972,0.0468318762977411,-0.635767761705773,-0.572982416917957,-0.540968303833469,-0.509832781620321,-0.45307739488282,11169.8749879579,1.00004711069669
"log_likelihood[50]",-0.54175857065434,0.000443389312652649,0.0468460114873938,-0.63575840978267,-0.572971190897007,-0.540952371219585,-0.509812598257911,-0.45300608538538,11162.8425613696,1.00004719325215
"log_likelihood[51]",-0.361157700913858,0.000295750176300556,0.0312388100210733,-0.423833860782788,-0.381973325933005,-0.360620523209227,-0.339859790185988,-0.301996697917334,11156.7818034533,1.00004726337509
"log_likelihood[52]",-0.541717939770228,0.000443828918613459,0.0468687487207457,-0.635744584569858,-0.572954497801547,-0.540920130387023,-0.509764816918087,-0.452951526843003,11151.5574420029,1.00004732291645
"log_likelihood[53]",-0.18056740058148,0.000148001560707688,0.0156259464826359,-0.211913176078272,-0.190983270446745,-0.180305265768829,-0.16991623597824,-0.1509801654293,11147.0532255623,1.00004737345548
"log_likelihood[54]",-0.1805629626657,0.00014805212192288,0.0156285612392,-0.211912600627244,-0.190980294482821,-0.18030345200367,-0.169908807642206,-0.150953131198407,11143.1692077535,1.00004741633884
"log_likelihood[55]",0,NA,0,0,0,0,0,0,NA,NA
"log_likelihood[56]",-0.180556026846441,0.000148133406987998,0.0156327634110618,-0.211912055565488,-0.190971579584635,-0.180296974137185,-0.169897863815093,-0.150948577419147,11136.9299375057,1.00004748355901
"log_likelihood[57]",-0.722213333621577,0.000592663595558935,0.0625377690602697,-0.847647456821889,-0.763874864062224,-0.721175359765563,-0.679564013954369,-0.603784054412695,11134.4370905085,1.00004750970567
"log_likelihood[58]",-0.361102102247978,0.000296387875446807,0.0312717808108836,-0.423823424716576,-0.381932240824665,-0.36058043958466,-0.33977601457269,-0.301877765542596,11132.2861066004,1.00004753186247
"log_likelihood[59]",-0.722196465873855,0.000592872537275201,0.062548557941768,-0.847646367460448,-0.763857592530921,-0.721142052744587,-0.679546958938421,-0.603731072464218,11130.4298196447,1.00004755063198
"log_likelihood[60]",-0.180547475845013,0.000148239015896897,0.0156382168399964,-0.211911496251811,-0.190964007732313,-0.180284409159278,-0.169885685955659,-0.150927524781661,11128.8276120042,1.00004756652666
"log_likelihood[61]",-0.18054608402485,0.000148257037436015,0.0156391460678256,-0.211911420381074,-0.190963688630553,-0.180283394659961,-0.169884840244466,-0.150924764768065,11127.4444986436,1.00004757998215
"log_likelihood[62]",0,NA,0,0,0,0,0,0,NA,NA
"log_likelihood[63]",-0.722175599932865,0.000593144067329615,0.0625625552904129,-0.847645249611659,-0.763852354262548,-0.721127391896855,-0.679520523098066,-0.603662846729798,11125.2191695291,1.0000476010009
"log_likelihood[64]",-0.180543048254122,0.000148297605573913,0.0156412350881103,-0.211911274493856,-0.190962783927472,-0.180281665018387,-0.169879257161338,-0.150914347990576,11124.3286066013,1.00004760914589
"log_likelihood[65]",-0.541626973786385,0.000444922829348913,0.0469252482388558,-0.635733733237076,-0.572887598535384,-0.540843352864926,-0.509635047159736,-0.452741471283969,11123.5593637039,1.00004761603057
"log_likelihood[66]",-0.541625128568718,0.000444948740593832,0.0469265792339186,-0.635733661626487,-0.572886977688433,-0.540843018187632,-0.509633451492356,-0.452726110310344,11122.8948139196,1.00004762184752
"log_likelihood[67]",-3.69154050769508,0.00242539206540732,0.255277052752547,-4.2175318784493,-3.85668055555953,-3.68073476401576,-3.51392181936629,-3.22184218383534,11077.9563455179,1.00008272741015
"log_likelihood[68]",-1.80447018824678,0.00075431955557822,0.0794210067279314,-1.96561082823605,-1.85642204234843,-1.80202832262292,-1.7496427782713,-1.65567321854815,11085.6213891162,1.00007566738209
"log_likelihood[69]",-1.8044722643111,0.000754352938857047,0.0794228235659455,-1.96561975222633,-1.85642827271245,-1.80202858593113,-1.74964332910509,-1.65567326907757,11085.1473915366,1.00007567122372
"log_likelihood[70]",-0.541620123260215,0.000445021525310717,0.0469303100767199,-0.635733495538001,-0.572885409798208,-0.540840869763935,-0.509623863151251,-0.452706136152296,11121.0248575454,1.00004763735721
"log_likelihood[71]",-0.180539766778754,0.000148344657435215,0.0156436488042041,-0.211911157669331,-0.190961724503802,-0.180280259267716,-0.169874389443412,-0.150901083983667,11120.7043551973,1.00004763984439
"log_likelihood[72]",-0.959801064887609,0.000311673278554138,0.0327474592329323,-1.03204413364808,-0.979760170015252,-0.956575400117611,-0.936235083688174,-0.905112460247975,11039.6697423847,1.00011779990916
"log_likelihood[73]",0,NA,0,0,0,0,0,0,NA,NA
"log_likelihood[74]",-3.60895771745964,0.00150892609521449,0.158857579440697,-3.931291558834,-3.71286521247741,-3.60405848761859,-3.49928986047275,-3.31134680433924,11083.5770083247,1.00007568293176
"log_likelihood[75]",-1.46713197519224,0.000770256056552834,0.0809770773887119,-1.64126763684309,-1.51771369313322,-1.46093710677242,-1.40957539622406,-1.32638009310145,11052.3327770871,1.00010387988408
"log_likelihood[76]",-1.29187205474798,0.000606521696413345,0.0638288050720079,-1.42340250911116,-1.33316004770456,-1.28916235929426,-1.24745956070196,-1.17443738212325,11074.9237876788,1.00008275002146
"log_likelihood[77]",-0.722155163947848,0.000593440215964293,0.0625777332634457,-0.847644544053622,-0.76384588316099,-0.72112065859556,-0.679495798776331,-0.603590391732053,11119.5114776075,1.00004764836348
"log_likelihood[78]",-2.69088925000723,0.00136100387931626,0.143256236590624,-2.9835971221944,-2.78412896135547,-2.68572676344982,-2.5916400821676,-2.42464572394023,11079.1986546375,1.00007882649685
"log_likelihood[79]",-3.60896368783274,0.00150903261245422,0.158863304039799,-3.93131559409596,-3.71286766369643,-3.60405895360553,-3.49929108028713,-3.31134688808612,11082.8110812787,1.00007568773088
"log_likelihood[80]",-1.29187358568043,0.000606550118105468,0.0638303470165787,-1.42340884480558,-1.3331606449277,-1.2891624671258,-1.24745984519853,-1.17443739986027,11074.4209569887,1.00008275287418
"log_likelihood[81]",-1.80370457877227,0.00226541238561023,0.158780484723089,-2.13973462169896,-1.90591539241807,-1.79329706699696,-1.68882574806258,-1.52407716627114,4912.467675226,1.0005634488889
"log_likelihood[82]",-2.77237357011029,0.0046034807970498,0.323667978753209,-3.43371777903936,-2.98616687900796,-2.76098384822025,-2.54499881986977,-2.17072851019588,4943.41191167121,1.00057880708922
"log_likelihood[83]",-1.45748384564294,0.000863966445432059,0.0592048625423724,-1.61596949197689,-1.48222820677653,-1.43884667310104,-1.41341809882738,-1.40216206843844,4695.92338576708,1.00057446232012
"log_likelihood[84]",-3.39344623133683,0.00511256574140019,0.365745007217366,-4.16177629000939,-3.62781637464621,-3.37339531438564,-3.13567217289459,-2.73679504328154,5117.74922824274,1.00057845997982
"log_likelihood[85]",-1.63551817041231,0.00195668086966174,0.143663414941627,-1.9477666740968,-1.72584270706842,-1.62344949972842,-1.53301084368865,-1.39069956017088,5390.78949332538,1.00054831291455
"log_likelihood[86]",-3.49122892305116,0.00397224326404362,0.29879634471959,-4.1059690449834,-3.68750167959396,-3.48058356503801,-3.28377219241033,-2.93553335042494,5658.20770922702,1.00052861169168
"log_likelihood[87]",-1.81559983853835,0.00202538149323859,0.15790973592715,-2.15100236690417,-1.91675307714793,-1.80575028821116,-1.70463284675776,-1.53250010977871,6078.6080358636,1.0005009693346
"log_likelihood[88]",-2.91102233725593,0.00271913439100134,0.223399691179013,-3.3652069555889,-3.05818105955158,-2.90624008264865,-2.75598768878204,-2.49033155465696,6750.00028722818,1.00041340051971
"log_likelihood[89]",-8.50328997193568,0.00537463583595889,0.469655440153843,-9.43318219377328,-8.81770023724393,-8.50231338317368,-8.18542695151281,-7.59407283606987,7635.90694984391,1.00036056652464
"log_likelihood[90]",-1.2109758325388,0.000166774821369676,0.0153223387463644,-1.2522813413926,-1.216932894544,-1.20585562114419,-1.19972937839192,-1.19738783227295,8440.90768679999,1.0005434535978
"log_likelihood[91]",-2.0908689394688,0.00137158815827457,0.139937155001035,-2.37706592024388,-2.18237988240024,-2.08643503531846,-1.99409120375611,-1.82653400259417,10409.2305236428,1.00025829038033
"log_likelihood[92]",-1.31906003072512,0.00040057371069991,0.0439221782403829,-1.41904021642579,-1.34502955748785,-1.31363895497013,-1.28700204183252,-1.24930468018712,12022.723326011,1.0002730959773
"log_likelihood[93]",0,NA,0,0,0,0,0,0,NA,NA
"log_likelihood[94]",-2.50159954736265,0.00127597750626966,0.163245556825081,-2.83018511920809,-2.60987732724409,-2.49780858158994,-2.38908361077993,-2.19037300429909,16368.0409279265,1.00008927315542
"log_likelihood[95]",-1.27750242755708,0.000292483167973938,0.0388967738858685,-1.36308268558428,-1.30175869656762,-1.27398988385594,-1.24945823361588,-1.21161720111131,17685.8284624228,1.0000340651636
"log_likelihood[96]",-1.02909170588453,0.000249657478143931,0.0332879774165171,-1.10240159824211,-1.04961244044585,-1.02604205578081,-1.00522257240174,-0.973144074252892,17778.1128133079,1.0000460776513
"log_likelihood[97]",-1.53220878846082,0.000526830118057124,0.0706213894376132,-1.6784228731733,-1.57836605022453,-1.5294350370272,-1.48289479155664,-1.40290358517786,17969.3068853244,1.00002725324708
"log_likelihood[98]",-1.16043252735069,0.000618274619947183,0.0814438291343585,-1.32536709650424,-1.21413516068631,-1.15813881376697,-1.10428655296565,-1.00745318529343,17352.1594545787,1.00001451253298
"log_likelihood[99]",-4.67868101554098,0.00180723925682486,0.233103786524646,-5.14590156119282,-4.83468736673527,-4.67557136482289,-4.52011383088837,-4.23393111525533,16636.7064225557,1.0000242193868
"log_likelihood[100]",-2.85196109331578,0.00125487461076643,0.158165908229048,-3.1723290862242,-2.95691898309285,-2.84880414976641,-2.74380238420112,-2.55351957017703,15886.3853908251,1.00003000971026
"log_likelihood[101]",-1.1273451450836,0.000684975696275084,0.0842320715750814,-1.29814821366511,-1.1825130410553,-1.12487122053258,-1.06942129233414,-0.969137571184199,15121.8399941215,1.00001348851289
"log_likelihood[102]",-0.933286031770229,0.00058924118396747,0.0709946892864692,-1.07728075293107,-0.979947857282479,-0.931093992007906,-0.884408373380656,-0.800004177433685,14516.6210083372,1.00001601080852
"log_likelihood[103]",-0.928183126968333,0.000606526768010691,0.0717595406108659,-1.07357288606321,-0.975360129802227,-0.926069189099033,-0.879017780565125,-0.793576353922148,13997.7861601751,1.00001893815436
"log_likelihood[104]",-0.923954346461222,0.000622427359320337,0.072474731013098,-1.07037750831947,-0.971865610013306,-0.921839497541693,-0.874397261205358,-0.788286610625312,13558.0076919594,1.00002196947328
"log_likelihood[105]",-0.913035052264922,0.000126323844272537,0.0144906280843947,-0.948205924240818,-0.920897163676958,-0.91027710172377,-0.902066368987365,-0.89355187703332,13158.4202552623,1.00015508479743
"log_likelihood[106]",-1.82609492494501,0.000902217319306378,0.10251046488583,-2.03702800234027,-1.89272726533138,-1.82253038338227,-1.75473004813891,-1.6365739493445,12909.6386628705,1.00006213321617
"log_likelihood[107]",-0.366040230509536,0.000264554230744766,0.0297099387940949,-0.426201466095888,-0.385664203143208,-0.365259155713778,-0.345740495576124,-0.31015219011637,12611.7133717794,1.00003023968471
"log_likelihood[108]",-2.67127489954967,0.00120861593405792,0.134619379650422,-2.94300383960843,-2.75962965126265,-2.66802971797956,-2.57884148043421,-2.41766544899007,12406.1931603642,1.00006042530456
"log_likelihood[109]",-0.911392638116519,0.000680697737850557,0.0751926067356079,-1.06338901666734,-0.960897784398533,-0.909580582096361,-0.860092598108942,-0.770077736446991,12202.2991328589,1.0000345694993
"log_likelihood[110]",-0.942900204910261,0.00014350963231884,0.0156955854473082,-0.982334568047771,-0.950749995028243,-0.939115216179389,-0.930944517527495,-0.925040837052378,11961.7008143841,0.999943401823983
"log_likelihood[111]",0,NA,0,0,0,0,0,0,NA,NA
"log_likelihood[112]",-0.363130748217035,0.000280708442520348,0.0304854206629829,-0.42456440590179,-0.383253893698639,-0.362499619012331,-0.342367769135636,-0.305820008185107,11794.3343504764,1.00003931596159
"log_likelihood[113]",-0.544202692255698,0.000424267880206409,0.0458853827568878,-0.636563882659671,-0.574518352192163,-0.54328603849257,-0.51295001604545,-0.45795087553926,11696.8362285148,1.00004050667324
"log_likelihood[114]",-3.60129675543228,0.00143774339842775,0.154872288218638,-3.91282246627361,-3.70277284079199,-3.59728364200757,-3.49503319054281,-3.30941004649256,11603.3840224087,1.00006853004052
"log_likelihood[115]",0,NA,0,0,0,0,0,0,NA,NA
"log_likelihood[116]",-2.17386549184913,0.00116872737156777,0.125125973371797,-2.42994100994575,-2.25510121363155,-2.16908975086232,-2.08723170934126,-1.94254634690941,11462.2138608295,1.00007742943324
"log_likelihood[117]",-1.06551613505721,0.00044352390977908,0.0473562978360118,-1.16510147958515,-1.09570386106852,-1.06277734279795,-1.0322772671791,-0.980609183901454,11400.4347303558,1.00008986285221
"log_likelihood[118]",-0.361803512112882,0.000290028658404142,0.0309466647153126,-0.424020799493187,-0.382332529316936,-0.36123831672108,-0.340718684858159,-0.303347265355988,11385.3365281492,1.00004440446757
"log_likelihood[119]",-0.942007337008058,0.000145112078462156,0.0155504116577249,-0.981371092471779,-0.949727362113485,-0.938064693509248,-0.930063699380722,-0.924994039612119,11483.5629512986,0.99993922661561
"log_likelihood[120]",-0.903982207314581,0.000729372628757955,0.077582370797258,-1.05984096769103,-0.955561161562166,-0.90253338021632,-0.851081875810227,-0.757313955957736,11314.2864738204,1.00004529669171
"log_likelihood[121]",-0.542268014689393,0.000438648009684939,0.0466016013459254,-0.635883790293099,-0.573242545743391,-0.541395549585218,-0.51048267984311,-0.454163681219835,11286.7616660586,1.00004564797525
"log_likelihood[122]",-0.903609931056699,0.000732546901833996,0.0777447155137356,-1.05978199853498,-0.955313543068734,-0.90217094085866,-0.850526830814169,-0.756544611858851,11263.4357376278,1.00004594777492
"log_likelihood[123]",-0.36138670425961,0.000293526280660274,0.0311240031435196,-0.423907025186037,-0.382088025287695,-0.360831410246443,-0.340126577009957,-0.302516350026978,11243.3807465626,1.00004620344071
"log_likelihood[124]",-0.722676953180771,0.000587930172449036,0.0622932220124918,-0.847791931833071,-0.764129741425382,-0.721564654003487,-0.680137575349283,-0.604741274094718,11226.1306410945,1.00004642132208
"log_likelihood[125]",-0.541946763563215,0.000441516519396627,0.0467492559026105,-0.635831866112126,-0.573061715795844,-0.541108817005251,-0.510015439916344,-0.45344212194752,11211.2875237,1.00004660689083
"log_likelihood[126]",-0.361263589600485,0.000294672040731086,0.0311830848241958,-0.423873754254723,-0.382024741445122,-0.360704760252983,-0.339971551764256,-0.302220058865261,11198.5112491036,1.00004676485282
"log_likelihood[127]",-0.361234702496296,0.000294955106311803,0.0311977053013909,-0.423862222076886,-0.382003586226375,-0.360680118481727,-0.339943803114463,-0.30218914963399,11187.5107177154,1.0000468992483
"log_likelihood[128]",-0.72242065854349,0.000590399132694173,0.0624206768757743,-0.847705655196436,-0.763990464015131,-0.721323983860964,-0.679841504412371,-0.604230362240902,11178.0365626825,1.00004701354099
"log_likelihood[129]",-0.902974388106322,0.000738526615429954,0.0780531271629019,-1.05961293617629,-0.954970694863262,-0.901613839722447,-0.849721302700535,-0.755128991471366,11169.8749879579,1.00004711069669
"log_likelihood[130]",-0.722344760872453,0.000591185750203534,0.0624613486498584,-0.847677879710226,-0.763961587862676,-0.72126982829278,-0.679750131010548,-0.604008113847173,11162.8425613695,1.00004719325215
"log_likelihood[131]",-0.541736551370788,0.000443625264450832,0.0468582150316099,-0.635750791174181,-0.572959988899507,-0.54093078481384,-0.509789685278982,-0.452995046876001,11156.7818034533,1.00004726337509
"log_likelihood[132]",0,NA,0,0,0,0,0,0,NA,NA
"log_likelihood[133]",-0.36113480116296,0.000296003121415375,0.0312518929652718,-0.423826352156544,-0.38196654089349,-0.360610531537658,-0.339832471956481,-0.301960330858601,11147.0532255623,1.00004737345548
"log_likelihood[134]",-0.361125925331401,0.00029610424384576,0.0312571224784,-0.423825201254488,-0.381960588965642,-0.36060690400734,-0.339817615284411,-0.301906262396814,11143.1692077535,1.00004741633884
"log_likelihood[135]",-1.08335524078729,0.000888574526788225,0.0937849032126016,-1.27147378032149,-1.14585264257069,-1.08180190127214,-1.01942861138231,-0.905698760253142,11139.8194293857,1.00004745271416
"log_likelihood[136]",-0.180556026846441,0.000148133406987998,0.0156327634110618,-0.211912055565488,-0.190971579584635,-0.180296974137185,-0.169897863815093,-0.150948577419147,11136.9299375057,1.00004748355901
"log_likelihood[137]",-0.941811532907553,0.000145727520118426,0.0155332037723258,-0.981231383857728,-0.949513077706993,-0.937822683700311,-0.929842975077491,-0.924990512668807,11361.58521672,0.999938240586437
"log_likelihood[138]",-0.361102102247978,0.000296387875446807,0.0312717808108836,-0.423823424716576,-0.381932240824665,-0.36058043958466,-0.33977601457269,-0.301877765542596,11132.2861066004,1.00004753186247
"log_likelihood[139]",-4.87074622596096,0.00271885784503616,0.286338907393903,-5.45556795081265,-5.05718086696512,-4.8605301753258,-4.67240439928086,-4.3384589885311,11091.4346459483,1.00007871642913
"log_likelihood[140]",-1.62300662332324,0.00091665864750516,0.0964563991223437,-1.82660057464817,-1.68423271879036,-1.61710328729565,-1.55507244262568,-1.45093959700686,11072.5285888198,1.00009442178409
"log_likelihood[141]",-0.54163825207455,0.000444771112308043,0.0469174382034769,-0.635734261143222,-0.57289106589166,-0.540850183979883,-0.509654520733397,-0.452774294304196,11127.4444986436,1.00004757998215
"log_likelihood[142]",-0.361089805644147,0.000296545183030159,0.03127989507371,-0.42382272035274,-0.381926855555605,-0.360564673802461,-0.339766020928352,-0.301841461599831,11126.2503406421,1.00004759136871
"log_likelihood[143]",-0.180543899983216,0.000148286016832404,0.0156406388226032,-0.211911312402915,-0.190963088565637,-0.180281847974214,-0.169880130774516,-0.150915711682449,11125.2191695291,1.0000476010009
"log_likelihood[144]",-0.361086096508243,0.000296595211147826,0.0312824701762205,-0.423822548987712,-0.381925567854944,-0.360563330036774,-0.339758514322677,-0.301828695981152,11124.3286066013,1.00004760914589
"log_likelihood[145]",-1.06693388577594,0.000458603124936474,0.0482437929330156,-1.16876980183693,-1.09755412100777,-1.06397453373582,-1.03295309284141,-0.980883173651092,11066.4638612119,1.00009447817966
"log_likelihood[146]",-1.84796981225603,0.00106485904312799,0.112053097181325,-2.08131277042633,-1.91987352681033,-1.84230822891903,-1.76958448339944,-1.64449471787861,11072.9536828317,1.00008776716538
"log_likelihood[147]",-0.180541186551882,0.000148323704339934,0.0156425758115516,-0.211911201600738,-0.190962155317209,-0.180280675284847,-0.169877010920213,-0.150906329479061,11122.3206222831,1.0000476267602
"log_likelihood[148]",-1.29186374941696,0.000606380240143351,0.0638210429801254,-1.42336828679133,-1.33315092768371,-1.28916152173105,-1.24745761242309,-1.17443722455858,11077.3968115306,1.00008273200756
"log_likelihood[149]",-0.915414611303089,5.05980361443164e-05,0.00537182203554818,-0.930691539990034,-0.916667453950686,-0.91331245345214,-0.911990800356168,-0.911611568076433,11271.3493535454,1.00030651052487
"log_likelihood[150]",-1.80447403324934,0.000754381790930751,0.0794243912534513,-1.96562675207326,-1.85642984569727,-1.80202877691471,-1.74964378317874,-1.6556733091736,11084.7370622557,1.00007567445106
"log_likelihood[151]",-4.2076720287086,0.00211521167921694,0.222670508542641,-4.66150468633122,-4.35287331805009,-4.20007269439113,-4.05359983588753,-3.79263681952102,11081.9893992702,1.00007769521188
"log_likelihood[152]",-0.180539533131858,0.0001483482417333,0.01564383185535,-0.211911151710004,-0.190961659572931,-0.180280234362311,-0.169874278553921,-0.150900259526697,11120.4272210953,1.00004764193957
"log_likelihood[153]",-0.36107866810046,0.000296702677129099,0.0312879796842781,-0.423822293962333,-0.38192321208576,-0.360560428253388,-0.339748372878405,-0.30179910500798,11120.1875503095,1.00004764370345
"log_likelihood[154]",-0.902695821812335,0.000741770072786287,0.0782206310503984,-1.05955571614373,-0.954807809552536,-0.901400988424372,-0.849370549602334,-0.754494730930862,11119.98024677,1.00004764518748
"log_likelihood[155]",-1.62306519213369,0.000917597697216282,0.0965095941395685,-1.8268414472368,-1.6843118833973,-1.61712915906837,-1.55508610732039,-1.45094118947153,11062.0686289431,1.00009451135935
"log_likelihood[156]",-2.1782790013878,0.0012130433928267,0.127657610144016,-2.44133991011417,-2.26085498730096,-2.17285961048036,-2.08945401329576,-1.94340965613833,11074.9237876787,1.00008275002146
"log_likelihood[157]",-0.959802933151867,0.000311709367853692,0.0327495368919542,-1.03205248975037,-0.979760959561904,-0.956575543862049,-0.936235414542549,-0.905112479658508,11038.5141149486,1.00011780572733
"log_likelihood[158]",-5.41344425632728,0.00226352549346302,0.238293701807183,-5.89696821129111,-5.5693010051474,-5.40608834195533,-5.24893638066064,-4.96702031712409,11082.9238047686,1.00007568708546
"log_likelihood[159]",-1.29187328775806,0.00060654447099297,0.0638300415283064,-1.42340760526299,-1.33316053428035,-1.28916244789915,-1.24745979316204,-1.17443739682814,11074.5211655967,1.00008275234652
"log_likelihood[160]",-4.20769081984595,0.00211554147521923,0.222688345036465,-4.6615802197764,-4.35288139964321,-4.20007428809144,-4.05360387673246,-3.79263711532433,11080.309392122,1.00007770631335
"log_likelihood[161]",-4.26364358050743,0.00770188931306126,0.537379501479906,-5.33835756124577,-4.62147368209258,-4.25305981927637,-3.88987103226538,-3.23921744860034,4868.19141768022,1.00058449660393
"log_likelihood[162]",-3.62150478464708,0.00723718282949133,0.509194263559956,-4.67284531191678,-3.95573671009303,-3.59939433525998,-3.26136305613744,-2.68785839805801,4950.25893652066,1.00057563446479
"log_likelihood[163]",-2.26253828638626,0.00393834756598766,0.274780091091511,-2.8944315453181,-2.42473880194273,-2.22777176471615,-2.06193616908135,-1.83238269564507,4867.90893135296,1.00060247275205
"log_likelihood[164]",-2.76707541807433,0.00560458822370765,0.404681689655287,-3.66675930432557,-3.01748536322411,-2.72522477109262,-2.47311808247018,-2.10397652266226,5213.62378625033,1.00055108030825
"log_likelihood[165]",-3.26234458452309,0.00500194265328597,0.365396265561067,-4.03329843617927,-3.49596973550947,-3.24169526916994,-3.00392453377801,-2.6090286720002,5336.42969679815,1.0005514809059
"log_likelihood[166]",-1.58985869392899,0.00183221311597488,0.137884305680583,-1.88316382231994,-1.67816134479442,-1.58133864784491,-1.49249092262847,-1.34431641651839,5663.40601400528,1.00053130145192
"log_likelihood[167]",-1.67092470002439,0.00129237781722929,0.101247024247195,-1.8945207191651,-1.73416751807329,-1.66211092491927,-1.59754557524106,-1.50026863710385,6137.41577621212,1.00044483384129
"log_likelihood[168]",-1.60326563632123,0.00110510416407315,0.091019532313918,-1.79577046989865,-1.66166981585559,-1.59851014285088,-1.53859743222683,-1.44036792561958,6783.63962863133,1.00039501271416
"log_likelihood[169]",-1.51995737254759,0.00123608436910282,0.10732170125213,-1.74795538368863,-1.58791670457743,-1.51282430068819,-1.44471820006211,-1.32897761324297,7538.39461203621,1.00040994807116
"log_likelihood[170]",-2.24889221521412,0.0016167892244211,0.15315533895007,-2.5678883677553,-2.34840958523571,-2.24248025985073,-2.14215740253286,-1.96824791036976,8973.40913532697,1.00026141723921
"log_likelihood[171]",-2.0908689394688,0.00137158815827457,0.139937155001035,-2.37706592024388,-2.18237988240024,-2.08643503531846,-1.99409120375611,-1.82653400259417,10409.2305236428,1.00025829038033
"log_likelihood[172]",-2.8923431275964,0.00170354045837814,0.18952675720871,-3.27724687149715,-3.01672316495672,-2.88730746144777,-2.76171482100246,-2.53248396637255,12377.591889469,1.00019210023346
"log_likelihood[173]",-1.28817056225866,0.000696491332588247,0.0837578110424377,-1.45702478297847,-1.34337934680233,-1.28616439817045,-1.23022609352645,-1.1286010099733,14461.6952381025,1.00013465989456
"log_likelihood[174]",-1.87619966052199,0.000956983129702245,0.122434167618811,-2.12263883940607,-1.95740799543307,-1.87335643619246,-1.79181270808495,-1.64277975322432,16368.0409279265,1.00008927315542
"log_likelihood[175]",-2.44145263182188,0.00121502186808026,0.161266284364493,-2.7678330286912,-2.54854144584397,-2.43796234094506,-2.33050240227475,-2.13604677140713,17616.473325452,1.00005642233669
"log_likelihood[176]",-1.19638695740509,0.000598106063030413,0.0804400321835046,-1.35942940796041,-1.24943136067236,-1.19444560339781,-1.14117808041489,-1.04450633586889,18087.89638681,1.00003459827985
"log_likelihood[177]",-2.74121249723468,0.00125337517271652,0.168069830979414,-3.08435124172331,-2.85208653969473,-2.73639856440646,-2.62476377019062,-2.42826466323775,17981.1453249413,1.00002584086183
"log_likelihood[178]",-1.78804152657136,0.000729412378532615,0.0961731078253552,-1.98921202236859,-1.85036119329373,-1.78338478446322,-1.72059867026594,-1.61422480636201,17384.453488334,1.00003088385939
"log_likelihood[179]",-1.31715362339573,0.000374567206829402,0.0482811493713818,-1.42193042343771,-1.34770706313746,-1.31349790351824,-1.28278772276428,-1.23405212017262,16614.8221059852,1.00004657633308
"log_likelihood[180]",-2.84077435684316,0.00165520723789154,0.20813476858059,-3.26291163194432,-2.97706425605939,-2.83437564058489,-2.6971708525533,-2.44945132624832,15811.9166168507,1.00001185002766
"log_likelihood[181]",-2.63047200519507,0.00159827662464186,0.196541500341857,-3.02901249855193,-2.75919709579569,-2.62469951457603,-2.49531634877966,-2.2613209994298,15121.8399941216,1.00001348851289
"log_likelihood[182]",-2.61320088895664,0.00164987531510892,0.198785130002114,-3.01638610820699,-2.74385400039094,-2.60706317762214,-2.47634344546584,-2.24001169681432,14516.6210083372,1.00001601080852
"log_likelihood[183]",-1.31596782889618,0.000399176532163774,0.0467476793549724,-1.42509470461479,-1.34265077642121,-1.30866399823579,-1.28149065587112,-1.24724153364458,13714.8199722954,0.999971961538161
"log_likelihood[184]",-1.29353608504571,0.000871398303048476,0.101464623418337,-1.49852851164725,-1.36061185401863,-1.29057529655837,-1.2241561656875,-1.10360125487544,13558.0076919593,1.00002196947328
"log_likelihood[185]",-0.184088925470986,0.000127371263339208,0.0146266974812472,-0.21366237020235,-0.193740688200886,-0.183679773291746,-0.174082301642831,-0.156650087684631,13187.1105034704,1.00002492341069
"log_likelihood[186]",-0.55051664379055,0.000389892850686385,0.0442400288944068,-0.640100882816933,-0.579804010211703,-0.549272888421834,-0.520236126301767,-0.467375901018267,12874.7931522494,1.00002769740683
"log_likelihood[187]",-1.46416092203814,0.00105821692297906,0.11883975517638,-1.70480586438355,-1.54265681257283,-1.46103662285511,-1.38296198230449,-1.24060876046548,12611.7133717794,1.00003023968471
"log_likelihood[188]",-1.09569440224231,0.000805970240540202,0.0897121663844789,-1.27708662495599,-1.15484143235496,-1.09339515843013,-1.03437364517805,-0.927283046855089,12389.8108379411,1.00003253045758
"log_likelihood[189]",-1.45822822098643,0.00108911638056089,0.120308170776973,-1.70142242666774,-1.53743645503765,-1.45532893135418,-1.37614815697431,-1.23212437831519,12202.2991328589,1.0000345694993
"log_likelihood[190]",-0.9153782928082,0.000146425000310605,0.0160258029304275,-0.954211702472713,-0.923992990940345,-0.912284736927104,-0.903322991963442,-0.893793925129256,11978.6845595594,1.00017078282119
"log_likelihood[191]",-1.45409561434464,0.00111304720896321,0.121464165700741,-1.69919525283089,-1.53412299206099,-1.45157389151761,-1.37152763116186,-1.22583756679145,11908.8321209068,1.00003794342214
"log_likelihood[192]",-0.957471920369731,0.000288125949154225,0.0312754306636152,-1.02582235426754,-0.976645488035041,-0.954590570712675,-0.935075165993584,-0.904655141758496,11782.6194296934,1.00010714045871
"log_likelihood[193]",-0.916093843373915,0.000153627921581347,0.0165478091008292,-0.956123315963452,-0.924958432516643,-0.912856650406134,-0.903647500802426,-0.893845202329955,11602.2092577082,1.00017560597087
"log_likelihood[194]",-1.28662008295498,0.000448070990391727,0.0482102812205272,-1.39618171994011,-1.31493258262517,-1.28041996930004,-1.25138403172439,-1.21087008835978,11576.7238909885,1.0001329902228
"log_likelihood[195]",-1.46372296952495,0.000734491149334898,0.0788233182786889,-1.63195339809818,-1.51320334412083,-1.4580864020671,-1.40794138050577,-1.32580704033174,11516.9185026797,1.00009736322671
"log_likelihood[196]",-1.61967685652748,0.000882227469000221,0.094427752461918,-1.81767464778845,-1.67986925299254,-1.61428908967141,-1.55345681787253,-1.45034474564562,11456.1358266855,1.00008904207203
"log_likelihood[197]",-4.19631620146042,0.00249357470778885,0.266340656821007,-4.74048543304446,-4.36979684549793,-4.18684606123324,-4.01216835524236,-3.7013687214347,11408.5424923721,1.00007617341498
"log_likelihood[198]",-0.958958865812064,0.000301827037360357,0.0321396299125758,-1.02962921984543,-0.97859966081495,-0.955878321059894,-0.93587707343777,-0.904989838732993,11338.7573491586,1.00011380923958
"log_likelihood[199]",-4.20310105374826,0.00206696810398768,0.219947181507814,-4.64991572797971,-4.34670370564233,-4.19611482666574,-4.05123567947447,-3.79170149289816,11323.2019316546,1.00007448277511
"log_likelihood[200]",-0.361592882925832,0.000291749051503182,0.0310329483189032,-0.423936387076412,-0.382224464624866,-0.361013352086528,-0.340432750324091,-0.302925582383094,11314.2864738204,1.00004529669171
"log_likelihood[201]",-0.903780024482323,0.000731080016141563,0.0776693355765424,-1.05980631715517,-0.955404242905652,-0.902325915975364,-0.850804466405184,-0.756939468699724,11286.7616660586,1.00004564797525
"log_likelihood[202]",-0.18072198621134,0.0001465093803668,0.0155489431027471,-0.211956399706996,-0.191062708613747,-0.180434188171732,-0.170105366162834,-0.15130892237177,11263.4357376277,1.00004594777492
"log_likelihood[203]",-0.180693352129805,0.000146763140330137,0.0155620015717598,-0.211953512593019,-0.191044012643848,-0.180415705123221,-0.170063288504978,-0.151258175013489,11243.3807465626,1.00004620344071
"log_likelihood[204]",-1.08401542977116,0.000881895258673558,0.0934398330187377,-1.27168789774961,-1.14619461213807,-1.08234698100523,-1.02020636302392,-0.907111911142077,11226.1306410944,1.00004642132208
"log_likelihood[205]",-0.361297842375476,0.000294344346264417,0.0311661706017403,-0.423887910741418,-0.382041143863896,-0.360739211336834,-0.340010293277563,-0.302294747965013,11211.2875237,1.00004660689083
"log_likelihood[206]",-0.722527179200969,0.000589344081462173,0.0623661696483916,-0.847747508509446,-0.764049482890243,-0.721409520505966,-0.679943103528513,-0.604440117730522,11198.5112491036,1.00004676485282
"log_likelihood[207]",-0.180617351248148,0.000147477553155901,0.0155988526506955,-0.211931111038443,-0.191001793113187,-0.180340059240863,-0.169971901557232,-0.151094574816995,11187.5107177154,1.0000468992483
"log_likelihood[208]",-0.180605164635873,0.000147599783173543,0.0156051692189436,-0.211926413799109,-0.190997616003783,-0.180330995965241,-0.169960376103093,-0.151057590560226,11178.0365626825,1.00004701354099
"log_likelihood[209]",-0.902974388106322,0.000738526615429954,0.0780531271629019,-1.05961293617629,-0.954970694863262,-0.901613839722447,-0.849721302700535,-0.755128991471366,11169.8749879579,1.00004711069669
"log_likelihood[210]",0,NA,0,0,0,0,0,0,NA,NA
"log_likelihood[211]",-0.180578850456929,0.000147875088150278,0.0156194050105366,-0.211916930391394,-0.190986662966502,-0.180310261604613,-0.169929895092994,-0.150998348958667,11156.7818034533,1.00004726337509
"log_likelihood[212]",-0.361145293180152,0.000295885945742306,0.0312458324804972,-0.423829723046572,-0.381969665201031,-0.360613420258015,-0.339843211278725,-0.301967684562002,11151.5574420029,1.00004732291645
"log_likelihood[213]",-0.72226960232592,0.00059200624283075,0.0625037859305435,-0.847652704313088,-0.763933081786981,-0.721221063075316,-0.679664943912961,-0.603920661717202,11147.0532255623,1.00004737345548
"log_likelihood[214]",-0.722251850662802,0.00059220848769152,0.0625142449568,-0.847650402508977,-0.763921177931284,-0.721213808014679,-0.679635230568823,-0.603812524793628,11143.1692077535,1.00004741633884
"log_likelihood[215]",-0.180559206797882,0.000148095754464704,0.0156308172021003,-0.211912296720249,-0.190975440428449,-0.18030031687869,-0.169904768563718,-0.150949793375524,11139.8194293857,1.00004745271416
"log_likelihood[216]",-0.902780134232207,0.000740667034939992,0.0781638170553091,-1.05956027782744,-0.954857897923174,-0.901484870685925,-0.849489319075464,-0.754742887095734,11136.9299375057,1.00004748355901
"log_likelihood[217]",-0.541660000216183,0.000444497696669202,0.0469033267952023,-0.635735592616416,-0.572906148046668,-0.540881519824172,-0.509673010465776,-0.452838040809522,11134.4370905085,1.00004750970567
"log_likelihood[218]",-1.08330630674393,0.00088916362634042,0.0938153424326508,-1.27147027414973,-1.14579672247399,-1.08174131875398,-1.01932804371807,-0.905633296627787,11132.2861066004,1.00004753186247
"log_likelihood[219]",-0.180549116468464,0.0001482181343188,0.015637139485442,-0.211911591865112,-0.19096439813273,-0.180285513186147,-0.169886739734605,-0.150932768116055,11130.4298196447,1.00004755063198
"log_likelihood[220]",-0.180547475845013,0.000148239015896897,0.0156382168399964,-0.211911496251811,-0.190964007732313,-0.180284409159278,-0.169885685955659,-0.150927524781661,11128.8276120042,1.00004756652666
"log_likelihood[221]",-0.18054608402485,0.000148257037436015,0.0156391460678256,-0.211911420381074,-0.190963688630553,-0.180283394659961,-0.169884840244466,-0.150924764768065,11127.4444986436,1.00004757998215
"log_likelihood[222]",-0.361089805644147,0.000296545183030159,0.03127989507371,-0.42382272035274,-0.381926855555605,-0.360564673802461,-0.339766020928352,-0.301841461599831,11126.2503406421,1.00004759136871
"log_likelihood[223]",0,NA,0,0,0,0,0,0,NA,NA
"log_likelihood[224]",-0.180543048254122,0.000148297605573913,0.0156412350881103,-0.211911274493856,-0.190962783927472,-0.180281665018387,-0.169879257161338,-0.150914347990576,11124.3286066013,1.00004760914589
"log_likelihood[225]",-0.541626973786385,0.000444922829348913,0.0469252482388558,-0.635733733237076,-0.572887598535384,-0.540843352864926,-0.509635047159736,-0.452741471283969,11123.5593637039,1.00004761603057
"log_likelihood[226]",-0.361083419045812,0.000296632493729222,0.0312843861559457,-0.423822441084325,-0.381924651792289,-0.360562012125088,-0.339755634328237,-0.301817406873563,11122.8948139196,1.00004762184752
"log_likelihood[227]",-0.541623559655646,0.000444971113019802,0.0469277274346549,-0.635733604802214,-0.572886465951626,-0.540842025854541,-0.50963103276064,-0.452718988437184,11122.3206222832,1.0000476267602
"log_likelihood[228]",-0.541622225190395,0.000444990431854266,0.0469287180074508,-0.635733559711135,-0.572886044135225,-0.540841139004209,-0.509628197685675,-0.452713917345672,11121.8244280547,1.00004763090726
"log_likelihood[229]",0,NA,0,0,0,0,0,0,NA,NA
"log_likelihood[230]",-0.722160164346953,0.000593362033747624,0.0625737467689598,-0.847644660717335,-0.763847213064278,-0.721121159685247,-0.679498484201668,-0.603608181536394,11121.0248575453,1.00004763735721
"log_likelihood[231]",0,NA,0,0,0,0,0,0,NA,NA
"log_likelihood[232]",-0.541618599395575,0.000445044725199899,0.0469314955660499,-0.635733455130012,-0.572884978718794,-0.540840703086932,-0.509622835661762,-0.452700778580091,11120.4272210954,1.00004764193957
"log_likelihood[233]",-1.06694430257609,0.000458778698078431,0.0482536751700342,-1.16882887327067,-1.09756827718206,-1.06397730016718,-1.03295564391198,-0.980883391566305,11062.5259748707,1.00009450851552
"log_likelihood[234]",-1.29187084253234,0.000606499987533631,0.0638276215065849,-1.42339754504323,-1.33315953559923,-1.28916226093422,-1.24745931158694,-1.17443736483842,11075.3058808915,1.00008274758702
"log_likelihood[235]",-1.06694540794984,0.000458798848608138,0.0482547970697843,-1.16883353550139,-1.09756875358165,-1.06397739141718,-1.03295586554319,-0.980883406618762,11062.0686289432,1.00009451135935
"log_likelihood[236]",-0.959802666740218,0.000311704070212063,0.0327492333592854,-1.03205128920356,-0.979760854256035,-0.956575525673913,-0.936235371192627,-0.905112477339961,11038.6847109703,1.00011780497645
"log_likelihood[237]",-1.06694621461669,0.000458813935488016,0.0482556339149288,-1.16883696426914,-1.0975690823196,-1.06397745166494,-1.03295601620408,-0.980883416096884,11061.7248069807,1.0000945133204
"log_likelihood[238]",-0.915415455166795,5.06173593550819e-05,0.00537354097273851,-0.930691635444198,-0.916667936239419,-0.913312427769759,-0.911990813824603,-0.911611566024847,11269.9544237925,1.00030647645931
"log_likelihood[239]",-2.58025196786622,0.00167180019835335,0.175903778357496,-2.94521328475433,-2.69344896602356,-2.5718609755442,-2.45743429325496,-2.25931680401987,11070.8659265411,1.00008596332067
"log_likelihood[240]",-0.180538558877644,0.000148363956689735,0.0156446310692096,-0.211911132408205,-0.190961419711533,-0.180280146922956,-0.169873857849922,-0.150896747600143,11119.2075892832,1.00004765023819
"lp__",-701.690098534285,0.0126660659381636,1.01170765333207,-704.413938197421,-702.090638046468,-701.382108612339,-700.961706970885,-700.691134922743,6380.08671548556,1.00013046792639
